RegistrationNumber,binomial,Year,Continent,Country,Certainty,redlist,ecology,duplicates,duplicates_year,Decade,Extent_km,Percent_overlap,binomial_overlap
NHMUK_39.2645,Phataginus tricuspis,NA,Africa,Congo,75,EN,Arboreal,0,0,NA,101.46,0,0
NHMUK_39.2647,Phataginus tetradactyla,NA,Africa,Cameroon,50,VU,Arboreal,0,0,NA,3.82,39.7479441280663,1
NHMUK_39.2648,Manis javanica,1929,Asia,Indonesia,25,CR,Arboreal,0,0,1920,7.23,22.1597529711831,1
NHMUK_39.265,Manis javanica,NA,Asia,Indonesia,25,CR,Arboreal,1,0,NA,7.23,22.1597529711831,1
NHMUK_39.2651,Manis javanica,1929,Asia,Indonesia,25,CR,Arboreal,1,1,1920,7.23,22.1597529711831,1
NHMUK_39.2652,Manis javanica,NA,Asia,Indonesia,100,CR,Arboreal,0,0,NA,54.22,0,0
NHMUK_39.4041,Phataginus tetradactyla,NA,Africa,W. Africa,100,VU,Arboreal,0,0,NA,1955.82,0,0
NHMUK_39.4048,Manis pentadactyla,NA,Asia,China,100,CR,Terrestrial,0,0,NA,2824.1,0,0
NHMUK_46.498,Phataginus tetradactyla,1945,Africa,Ghana,75,VU,Arboreal,0,0,1940,2.25,56.6305718933679,1
NHMUK_46.499,Phataginus tricuspis,1945,Africa,Ghana,75,EN,Arboreal,0,0,1940,2.25,66.7208724850553,1
NHMUK_46.5,Phataginus tricuspis,1865,Africa,Ghana,75,EN,Arboreal,1,0,1860,2.25,66.7208724850553,1
NHMUK_46.888,Phataginus tricuspis,1945,Africa,Sierra Leone,25,EN,Arboreal,0,0,1940,0.892,100,1
NHMUK_46.914,Phataginus tricuspis,NA,Africa,Ghana,75,EN,Arboreal,1,0,NA,2.25,66.7208724850553,1
NHMUK_46.915,Phataginus tricuspis,1946,Africa,Ghana,75,EN,Arboreal,1,0,1940,2.25,66.7208724850553,1
NHMUK_46.916,Phataginus tricuspis,1946,Africa,Ghana,75,EN,Arboreal,1,1,1940,2.25,66.7208724850553,1
NHMUK_47.326,Manis pentadactyla,1940,Asia,India,75,CR,Terrestrial,0,0,1940,92.64,0,0
NHMUK_48.132,Phataginus tricuspis,1932,Africa,Cameroon,50,EN,Arboreal,0,0,1930,5,71.5111073677673,1
NHMUK_48.1321,Phataginus tricuspis,1932,Africa,Cameroon,25,EN,Arboreal,0,0,1930,2.02,93.5565156809794,1
NHMUK_48.1322,Phataginus tricuspis,1932,Africa,Cameroon,25,EN,Arboreal,1,1,1930,2.02,93.5565156809794,1
NHMUK_48.1323,Phataginus tricuspis,1932,Africa,Cameroon,25,EN,Arboreal,1,1,1930,2.02,93.5565156809794,1
NHMUK_48.1324,Phataginus tricuspis,1933,Africa,Cameroon,25,EN,Arboreal,1,0,1930,2.02,93.5565156809794,1
NHMUK_48.1325,Phataginus tricuspis,1932,Africa,Cameroon,25,EN,Arboreal,1,1,1930,2.02,93.5565156809794,1
NHMUK_48.1326,Phataginus tricuspis,NA,Africa,Cameroon,25,EN,Arboreal,1,0,NA,2.02,93.5565156809794,1
NHMUK_48.1327,Phataginus tricuspis,NA,Africa,Cameroon,50,EN,Arboreal,0,0,NA,8,53.323111232105,1
NHMUK_48.1328,Phataginus tricuspis,NA,Africa,Cameroon,50,EN,Arboreal,0,0,NA,23,28.0046455189319,1
NHMUK_48.1329,Phataginus tricuspis,NA,Africa,Cameroon,50,EN,Arboreal,1,1,NA,23,28.0046455189319,1
NHMUK_48.133,Phataginus tricuspis,NA,Africa,Cameroon,50,EN,Arboreal,1,1,NA,23,28.0046455189319,1
NHMUK_48.1331,Phataginus tricuspis,NA,Africa,Cameroon,50,EN,Arboreal,1,1,NA,23,28.0046455189319,1
NHMUK_48.1332,Phataginus tricuspis,NA,Africa,Cameroon,50,EN,Arboreal,1,1,NA,23,28.0046455189319,1
NHMUK_49.77,Manis crassicaudata,1948,Asia,Sri Lanka,25,EN,Terrestrial,0,0,1940,3.98,14.1622237600625,1
NHMUK_50.2066,Phataginus tricuspis,1946,Africa,Sierra Leone,100,EN,Arboreal,0,0,1940,188.72,0,0
NHMUK_50.29,Manis crassicaudata,1936,Asia,Sri Lanka,25,EN,Terrestrial,0,0,1930,2.66,27.8872105859404,1
NHMUK_50.341,Phataginus tetradactyla,1939,Africa,Nigeria,50,VU,Arboreal,0,0,1930,35.71,6.28124936596203,1
NHMUK_50.751,Manis pentadactyla,1939,Asia,Myanmar,75,CR,Terrestrial,0,0,1930,0.03,100,1
NHMUK_50.752,Manis pentadactyla,1939,Asia,Myanmar,75,CR,Terrestrial,0,0,1930,0.03,100,1
NHMUK_50.753,Manis pentadactyla,1939,Asia,Myanmar,75,CR,Terrestrial,0,0,1930,0.03,100,1
NHMUK_50.758,Manis javanica,1948,Asia,Malaysia,50,CR,Arboreal,0,0,1940,12.22,21.0607138018366,1
NHMUK_51.295,Manis javanica,1932,Asia,Malaysia,100,CR,Arboreal,0,0,1930,1075.93,0,0
NHMUK_51.333,Phataginus tricuspis,1949,Africa,Sierra Leone,50,EN,Arboreal,0,0,1940,10.66,15.236286454472,1
NHMUK_53.658,Manis pentadactyla,NA,Asia,Republic of China,100,CR,Terrestrial,0,0,NA,212.06,0,0
NHMUK_55.326,Manis javanica,1917,Asia,Thailand,100,CR,Arboreal,0,0,1910,10.09,27.726386141316,1
NHMUK_56.61,Phataginus tricuspis,1955,Africa,Sierra Leone,25,EN,Arboreal,0,0,1950,2.4,90.0052214540439,1
NHMUK_57.487,Manis crassicaudata,NA,Asia,Sri Lanka,100,EN,Terrestrial,0,0,NA,256.56,0,0
NHMUK_57.488,Manis crassicaudata,NA,Asia,Sri Lanka,100,EN,Terrestrial,1,1,NA,256.56,0,0
NHMUK_59.269,Phataginus tricuspis,1952,Africa,Sierra Leone,75,EN,Arboreal,0,0,1950,81.78,3.04228592514204,1
NHMUK_61.1095,Smutsia gigantea,1905,Africa,Uganda,25,EN,Terrestrial,0,0,1900,4.92,39.9721530280783,1
NHMUK_61.1096,Smutsia gigantea,1913,Africa,Democratic Republic of the Congo,25,EN,Terrestrial,0,0,1910,62.79,2.97927490679452,1
NHMUK_63.36,Manis pentadactyla,1962,Asia,Nepal,75,CR,Terrestrial,0,0,1960,0.03,100,1
NHMUK_66.3562,Phataginus tricuspis,1965,Africa,Cameroon,25,EN,Arboreal,0,0,1960,2.42,64.7434480284881,1
NHMUK_69.371,Smutsia gigantea,NA,Africa,W. Africa,100,EN,Terrestrial,0,0,NA,1955.82,0,0
NHMUK_69.505,Phataginus tricuspis,NA,Africa,Uganda,100,EN,Arboreal,0,0,NA,3.95,46.5207054034369,1
NHMUK_69.506,Smutsia temminckii,NA,Africa,Uganda,100,VU,Terrestrial,0,0,NA,3.95,68.3360438479097,1
NHMUK_73.1585,Manis pentadactyla,NA,Asia,South China,100,CR,Terrestrial,0,0,NA,1266.57,0,0
NHMUK_76.138,Manis crassicaudata,1935,Asia,Sri Lanka,25,EN,Terrestrial,1,0,1930,2.66,27.8872105859404,1
NHMUK_76.138,Manis crassicaudata,1935,Asia,Sri Lanka,25,EN,Terrestrial,1,1,1930,2.66,27.8872105859404,1
NHMUK_76.141,Manis crassicaudata,NA,Asia,Sri Lanka,100,EN,Terrestrial,1,1,NA,256.56,0,0
NHMUK_76.1813,Phataginus tricuspis,1971,Africa,Ghana,50,EN,Arboreal,0,0,1970,0.7,100,1
NHMUK_79.2034,Phataginus tricuspis,NA,Africa,Central African Republic,100,EN,Arboreal,0,0,NA,787.84,0,0
NHMUK_81.241,Smutsia gigantea,NA,Africa,Central African Republic,100,EN,Terrestrial,0,0,NA,110.96,0,0
NHMUK_81.2687,Manis javanica,NA,Asia,Indonesia,100,CR,Arboreal,0,0,NA,614.26,0,0
NHMUK_81.2688,Manis pentadactyla,NA,Asia,India,100,CR,Terrestrial,0,0,NA,1677.15,0,0
NHMUK_81.2689,Manis pentadactyla,NA,Asia,China,100,CR,Terrestrial,1,1,NA,2824.1,0,0
NHMUK_1995.25,Phataginus tetradactyla,1994,Africa,Nigeria,75,VU,Arboreal,0,0,1990,0.03,100,1
NHMUK_1996.314,Phataginus tricuspis,1995,Africa,Nigeria,75,EN,Arboreal,0,0,1990,0.03,100,1
NHMUK_1996.498,Manis pentadactyla,1931,Asia,China,100,CR,Terrestrial,0,0,1930,587.23,0,0
NHMUK_1998.301,Phataginus tetradactyla,1994,Africa,Nigeria,50,VU,Arboreal,0,0,1990,3.25,24.1284407250511,1
NHMUK_1998.302,Phataginus tetradactyla,NA,Africa,Nigeria,25,VU,Arboreal,0,0,NA,0.03,100,1
NHMUK_1999.1,Phataginus tricuspis,NA,Africa,Nigeria,50,EN,Arboreal,0,0,NA,21.74,25.729666240322,1
NHMUK_1999.101,Phataginus tricuspis,NA,Africa,Nigeria,50,EN,Arboreal,1,1,NA,21.74,25.729666240322,1
NHMUK_1999.115,Phataginus tricuspis,1963,Africa,Nigeria,100,EN,Arboreal,0,0,1960,756.06,0,0
NHMUK_1999.116,Phataginus tricuspis,NA,Africa,Nigeria,100,EN,Arboreal,1,0,NA,756.06,0,0
NHMUK_1999.117,Phataginus tricuspis,NA,Africa,Nigeria,100,EN,Arboreal,1,1,NA,756.06,0,0
NHMUK_1999.118,Phataginus tricuspis,NA,Africa,Nigeria,100,EN,Arboreal,1,1,NA,756.06,0,0
NHMUK_1999.119,Phataginus tricuspis,NA,Africa,Nigeria,100,EN,Arboreal,1,1,NA,756.06,0,0
NHMUK_1999.12,Phataginus tricuspis,NA,Africa,Nigeria,100,EN,Arboreal,1,1,NA,756.06,0,0
NHMUK_1999.121,Phataginus tricuspis,NA,Africa,Nigeria,100,EN,Arboreal,1,1,NA,756.06,0,0
NHMUK_1999.122,Phataginus tricuspis,NA,Africa,Nigeria,100,EN,Arboreal,1,1,NA,756.06,0,0
NHMUK_1999.91,Phataginus tricuspis,NA,Africa,Nigeria,50,EN,Arboreal,1,1,NA,21.74,25.729666240322,1
NHMUK_1999.92,Phataginus tricuspis,NA,Africa,Nigeria,50,EN,Arboreal,1,1,NA,21.74,25.729666240322,1
NHMUK_1999.93,Phataginus tricuspis,NA,Africa,Nigeria,50,EN,Arboreal,1,1,NA,21.74,25.729666240322,1
NHMUK_1999.95,Phataginus tricuspis,NA,Africa,Nigeria,50,EN,Arboreal,1,1,NA,21.74,25.729666240322,1
NHMUK_1999.96,Phataginus tricuspis,NA,Africa,Nigeria,50,EN,Arboreal,1,1,NA,21.74,25.729666240322,1
NHMUK_1999.97,Phataginus tricuspis,NA,Africa,Nigeria,50,EN,Arboreal,1,1,NA,21.74,25.729666240322,1
NHMUK_1999.99,Phataginus tricuspis,NA,Africa,Nigeria,50,EN,Arboreal,1,1,NA,21.74,25.729666240322,1
NHMUK_1.11.21.35,Phataginus tetradactyla,1901,Africa,Equatorial Guinea,25,VU,Arboreal,0,0,1900,0.795,49.2068285932425,1
NHMUK_1.4.27.12,Smutsia temminckii,1901,Africa,Malawi,75,VU,Terrestrial,0,0,1900,442.75,0,0
NHMUK_1.5.3.4,Smutsia temminckii,NA,Africa,Zambia,50,VU,Terrestrial,0,0,NA,81.95,0,0
NHMUK_10.6.11.4,Phataginus tricuspis,NA,Africa,Ghana,25,EN,Arboreal,0,0,NA,2.96,76.4027639716153,1
NHMUK_11.6.2.18,Phataginus tricuspis,NA,Africa,Ghana,25,EN,Arboreal,1,1,NA,2.96,76.4027639716153,1
NHMUK_12.10.28.58,Phataginus tricuspis,1911,Africa,Nigeria,75,EN,Arboreal,0,0,1910,64.35,4.40430513414296,1
NHMUK_12.12.3.1,Phataginus tricuspis,NA,Africa,Congo,25,EN,Arboreal,0,0,NA,0.914,100,1
NHMUK_12.12.3.2,Phataginus tricuspis,NA,Africa,Congo,100,EN,Arboreal,0,0,NA,340.5,9.54913765828958,1
NHMUK_14.7.19.238,Manis pentadactyla,NA,Asia,Myanmar,50,CR,Terrestrial,0,0,NA,11.76,28.8873814677121,1
NHMUK_19.5.8.163,Phataginus tricuspis,1914,Africa,Congo,25,EN,Arboreal,0,0,1910,1.22,100,1
NHMUK_19.5.8.164,Phataginus tricuspis,1914,Africa,Congo,25,EN,Arboreal,1,1,1910,1.22,100,1
NHMUK_2.2.14.1,Phataginus tetradactyla,NA,Africa,Sierra Leone,100,VU,Arboreal,0,0,NA,188.72,0,0
NHMUK_2.6.10.63,Manis pentadactyla,NA,Asia,China,100,CR,Terrestrial,1,1,NA,2824.1,0,0
NHMUK_21.10.5.4,Manis pentadactyla,NA,Asia,India,100,CR,Terrestrial,1,1,NA,1677.15,0,0
NHMUK_21.8.2.27,Manis pentadactyla,1920,Asia,India,75,CR,Terrestrial,1,0,1920,92.64,0,0
NHMUK_22.12.17.248,Smutsia gigantea,NA,Africa,Nigeria,25,EN,Terrestrial,0,0,NA,44.4,5.01029355806002,1
NHMUK_22.12.19.38,Phataginus tricuspis,NA,Africa,Congo,100,EN,Arboreal,0,0,NA,257.73,0,0
NHMUK_25.1.2.262,Smutsia temminckii,1923,Africa,Namibia,50,VU,Terrestrial,0,0,1920,4.66,38.5139867772862,1
NHMUK_25.1.2.263,Smutsia temminckii,NA,Africa,Namibia,100,VU,Terrestrial,0,0,NA,255.89,0,0
NHMUK_25.5.9.1,Smutsia temminckii,NA,Africa,Angola,100,VU,Terrestrial,0,0,NA,897.67,0,0
NHMUK_26.10.4.199,Manis javanica,1926,Asia,Vietnam,75,CR,Arboreal,0,0,1920,17.47,17.252847471883,1
NHMUK_28.7.1.151,Manis javanica,1927,Asia,Vietnam,50,CR,Arboreal,0,0,1920,12.62,23.0380079272272,1
NHMUK_28.9.11.465,Smutsia temminckii,1927,Africa,Namibia,25,VU,Terrestrial,0,0,1920,0.182,0,0
NHMUK_28.9.8.37,Phataginus tricuspis,1928,Africa,Uganda,100,EN,Arboreal,0,0,1920,17.805,28.2603130097038,1
NHMUK_29.4.17.23,Phataginus tetradactyla,1929,Africa,Gabon,25,VU,Arboreal,0,0,1920,2.04,73.0685702004082,1
NHMUK_29.5.29.38,Smutsia gigantea,NA,Africa,Ghana,25,EN,Terrestrial,0,0,NA,3.15,44.9192370517513,1
NHMUK_29.5.29.39,Phataginus tricuspis,NA,Africa,Ghana,100,EN,Arboreal,0,0,NA,385.52,6.72761361131495,1
NHMUK_29.5.29.40,Phataginus tricuspis,NA,Africa,Ghana,100,EN,Arboreal,1,1,NA,385.52,6.72761361131495,1
NHMUK_3.2.6.81,Manis javanica,1901,Asia,Thailand,25,CR,Arboreal,0,0,1900,36.36,4.81309411979053,1
NHMUK_33.4.1.506,Manis pentadactyla,1929,Asia,Vietnam,100,CR,Terrestrial,0,0,1920,31.27,8.17790936805426,1
NHMUK_33.4.1.507,Manis pentadactyla,1929,Asia,Vietnam,100,CR,Terrestrial,1,1,1920,31.27,8.17790936805426,1
NHMUK_33.4.1.508,Manis pentadactyla,NA,Asia,Southeast Asia,100,CR,Terrestrial,0,0,NA,1672.79,0,0
NHMUK_33.4.1.509,Manis pentadactyla,NA,Asia,Vietnam,100,CR,Terrestrial,0,0,NA,920.18,0,0
NHMUK_33.4.1.510,Manis pentadactyla,NA,Asia,Vietnam,100,CR,Terrestrial,1,1,NA,920.18,0,0
NHMUK_34.11.18.9,Phataginus tricuspis,NA,Africa,Congo,25,EN,Arboreal,0,0,NA,1.75,100,1
NHMUK_34.3.4.1,Manis crassicaudata,1933,Asia,Burma,75,EN,Terrestrial,0,0,1930,0.05,0,0
NHMUK_34.6.2.92,Phataginus tricuspis,NA,Africa,Uganda,25,EN,Arboreal,0,0,NA,3.82,37.3257146169318,1
NHMUK_34.6.2.93,Phataginus tricuspis,1933,Africa,Uganda,25,EN,Arboreal,1,0,1930,3.82,37.3257146169318,1
NHMUK_34.6.2.94,Phataginus tricuspis,NA,Africa,Uganda,25,EN,Arboreal,1,1,NA,3.82,37.3257146169318,1
NHMUK_34.6.2.95,Phataginus tricuspis,NA,Africa,Uganda,25,EN,Arboreal,1,1,NA,3.82,37.3257146169318,1
NHMUK_34.6.2.96,Phataginus tricuspis,NA,Africa,Uganda,25,EN,Arboreal,1,1,NA,3.82,37.3257146169318,1
NHMUK_34.6.2.97,Phataginus tricuspis,NA,Africa,Uganda,25,EN,Arboreal,1,1,NA,3.82,37.3257146169318,1
NHMUK_34.6.2.98,Phataginus tricuspis,NA,Africa,Uganda,25,EN,Arboreal,1,1,NA,3.82,37.3257146169318,1
NHMUK_34.6.2.99,Phataginus tricuspis,NA,Africa,Uganda,25,EN,Arboreal,1,1,NA,3.82,37.3257146169318,1
NHMUK_34.7.4.1,Smutsia temminckii,NA,Africa,South Sudan,25,VU,Terrestrial,0,0,NA,3.63,77.5527067516065,1
NHMUK_34.7.4.2,Smutsia temminckii,NA,Africa,South Sudan,25,VU,Terrestrial,1,1,NA,3.63,77.5527067516065,1
NHMUK_35.10.22.150,Phataginus tetradactyla,NA,Africa,Ghana,25,VU,Arboreal,0,0,NA,1.91,99.1657364882005,1
NHMUK_35.10.22.155,Phataginus tricuspis,1935,Africa,Ghana,25,EN,Arboreal,0,0,1930,2.97,81.6274055255528,1
NHMUK_35.10.22.156,Phataginus tricuspis,1934,Africa,Ghana,25,EN,Arboreal,0,0,1930,1.91,99.1656700883234,1
NHMUK_35.10.22.157,Phataginus tetradactyla,1934,Africa,Ghana,25,VU,Arboreal,1,0,1930,1.91,99.1657364882005,1
NHMUK_35.12.18.3,Smutsia gigantea,1935,Africa,South Sudan,100,EN,Terrestrial,0,0,1930,145.39,0,0
NHMUK_35.9.1.847,Smutsia temminckii,1929,Africa,Namibia,25,VU,Terrestrial,0,0,1920,0.396,100,1
NHMUK_35.9.1.848,Smutsia temminckii,1929,Africa,Namibia,50,VU,Terrestrial,0,0,1920,210.08,0,0
NHMUK_37.6.10.1,Manis pentadactyla,NA,Asia,India,100,CR,Terrestrial,1,1,NA,1677.15,0,0
NHMUK_37.9.1.847,Smutsia temminckii,NA,Africa,Namibia,25,VU,Terrestrial,1,0,NA,0.396,100,1
NHMUK_38.9.7.57,Manis pentadactyla,1932,Asia,China,100,CR,Terrestrial,0,0,1930,32.26,7.63658690291345,1
NHMUK_38.9.7.58,Manis pentadactyla,NA,Asia,China,100,CR,Terrestrial,1,0,NA,32.26,7.63658690291345,1
NHMUK_4.3.27.1,Phataginus tetradactyla,NA,Africa,Nigeria,25,VU,Arboreal,0,0,NA,7.45,26.5454828628393,1
NHMUK_4.6.9.14,Phataginus tricuspis,1846,Africa,Ghana,75,EN,Arboreal,1,0,1840,2.25,66.7208724850553,1
NHMUK_43.1.12.85,Manis pentadactyla,NA,Asia,Nepal,100,CR,Terrestrial,0,0,NA,467.05,0,0
NHMUK_43.2.23.2,Phataginus tricuspis,NA,Africa,W. Africa,100,EN,Arboreal,0,0,NA,1955.82,0,0
NHMUK_45.1.12.462,Manis pentadactyla,NA,Asia,Nepal,100,CR,Terrestrial,1,1,NA,467.05,0,0
NHMUK_46.5.13.18,Phataginus tricuspis,NA,Africa,W. Africa,100,EN,Arboreal,1,1,NA,1955.82,0,0
NHMUK_48.6.11.7,Manis pentadactyla,NA,Asia,India,100,CR,Terrestrial,0,0,NA,74.41,0,0
NHMUK_48.7.11.5,Phataginus tricuspis,NA,Africa,W. Africa,100,EN,Arboreal,1,1,NA,1955.82,0,0
NHMUK_51.11.6.2,Phataginus tricuspis,NA,Africa,Gabon,100,EN,Arboreal,0,0,NA,381.24,11.631323584129,1
NHMUK_52.3.24.2,Smutsia temminckii,NA,Africa,South Africa,50,VU,Terrestrial,0,0,NA,1184.88,0,0
NHMUK_57.1.22.8,Manis pentadactyla,NA,Asia,India,100,CR,Terrestrial,1,1,NA,1677.15,0,0
NHMUK_58.6.24.34,Manis pentadactyla,NA,Asia,India,100,CR,Terrestrial,1,1,NA,74.41,0,0
NHMUK_58.6.24.35,Manis pentadactyla,NA,Asia,India,100,CR,Terrestrial,1,1,NA,74.41,0,0
NHMUK_6.11.6.41,Manis javanica,NA,Asia,Vietnam,25,CR,Arboreal,0,0,NA,0.31,92.8773942861361,1
NHMUK_6.3.8.52,Phataginus tricuspis,NA,Africa,Uganda,50,EN,Arboreal,0,0,NA,5.65,39.068074169749,1
NHMUK_63.2.13.23,Phataginus tetradactyla,NA,Africa,W. Africa,75,VU,Arboreal,1,1,NA,1955.82,0,0
NHMUK_64.12.1.10,Phataginus tetradactyla,NA,Africa,W. Africa,100,VU,Arboreal,1,1,NA,1955.82,0,0
NHMUK_65.3.30.3,Smutsia gigantea,NA,Africa,W. Africa,100,EN,Terrestrial,1,1,NA,1955.82,0,0
NHMUK_65.3.30.9,Phataginus tricuspis,NA,Africa,Equatorial Guinea,100,EN,Arboreal,0,0,NA,50.4,6.70853662040524,1
NHMUK_67.5.31.3,Phataginus tetradactyla,NA,Africa,W. Africa,100,VU,Arboreal,1,1,NA,1955.82,0,0
NHMUK_69.5.13.5,Smutsia gigantea,NA,Africa,Ghana,50,EN,Terrestrial,0,0,NA,8.09,18.720894132848102,1
NHMUK_7.1.2.5,Phataginus tricuspis,NA,Africa,Congo,25,EN,Arboreal,0,0,NA,2.12,100,1
NHMUK_7.11.19.5,Phataginus tricuspis,NA,Africa,Nigeria,75,EN,Arboreal,1,0,NA,64.35,4.40430513414296,1
NHMUK_7.7.3.25,Manis pentadactyla,1900,Asia,China,75,CR,Terrestrial,0,0,1900,50.3,3.38600908527308,1
NHMUK_72.11.13.1,Manis pentadactyla,1868,Asia,China,100,CR,Terrestrial,0,0,1860,167.98,0,0
NHMUK_72.11.13.2,Manis pentadactyla,NA,Asia,Taiwan,100,CR,Terrestrial,0,0,NA,218.3,0,0
NHMUK_72.11.13.3,Manis pentadactyla,NA,Asia,Taiwan,100,CR,Terrestrial,1,1,NA,218.3,0,0
NHMUK_72.11.13.4,Manis pentadactyla,1867,Asia,China,50,CR,Terrestrial,0,0,1860,46.93,3.8720493051645,1
NHMUK_72.11.13.5,Manis pentadactyla,NA,Asia,China,50,CR,Terrestrial,1,0,NA,46.93,3.8720493051645,1
NHMUK_72.11.13.6,Manis pentadactyla,NA,Asia,China,50,CR,Terrestrial,1,1,NA,46.93,3.8720493051645,1
NHMUK_72.11.13.7,Manis pentadactyla,1867,Asia,China,50,CR,Terrestrial,1,1,1860,46.93,3.8720493051645,1
NHMUK_72.11.13.8,Manis pentadactyla,1868,Asia,China,100,CR,Terrestrial,1,1,1860,167.98,0,0
NHMUK_77.3.14.8,Manis crassicaudata,NA,Asia,Sri Lanka,50,EN,Terrestrial,0,0,NA,5.63,16.8602692516064,1
NHMUK_78.6.17.14,Manis javanica,NA,Asia,Cambodia,100,CR,Arboreal,0,0,NA,421.25,0,0
NHMUK_79.11.21.646,Manis pentadactyla,NA,Asia,Bangladesh,100,CR,Terrestrial,0,0,NA,477.63,0,0
NHMUK_79.11.21.647,Manis javanica,NA,Asia,Indonesia,100,CR,Arboreal,0,0,NA,594.96,0,0
NHMUK_79.11.21.648,Manis javanica,NA,Asia,Indonesia,100,CR,Arboreal,1,1,NA,594.96,0,0
NHMUK_79.11.21.649,Manis javanica,NA,Asia,Indonesia,25,CR,Arboreal,0,0,NA,4.09,25.4203699481065,1
NHMUK_79.11.21.650,Manis javanica,NA,Asia,Indonesia,25,CR,Arboreal,1,1,NA,4.09,25.4203699481065,1
NHMUK_79.11.21.651,Manis pentadactyla,NA,Asia,India,25,CR,Terrestrial,0,0,NA,5.11,21.4903414532266,1
NHMUK_79.8.30.9,Manis javanica,NA,Asia,Borneo,100,CR,Arboreal,0,0,NA,722.82,0,0
NHMUK_8.10.27.5,Phataginus tricuspis,NA,Africa,Uganda,25,EN,Arboreal,1,1,NA,3.82,37.3257146169318,1
NHMUK_81.6.30.5,Manis javanica,NA,Asia,Cambodia,100,CR,Arboreal,1,1,NA,421.25,0,0
NHMUK_82.7.24.5,Manis javanica,NA,Asia,Indonesia,75,CR,Arboreal,0,0,NA,201.38,0,0
NHMUK_85.8.1.366,Manis javanica,1875,Asia,Myanmar,25,CR,Arboreal,0,0,1870,0.794,36.9370860553502,1
NHMUK_9.1.5.856,Manis javanica,1907,Asia,Indonesia,75,CR,Arboreal,0,0,1900,10.05,21.0235664629355,1
NHMUK_9.1.5.857,Manis javanica,1907,Asia,Indonesia,75,CR,Arboreal,1,1,1900,10.05,21.0235664629355,1
NHMUK_9.1.5.858,Manis javanica,1907,Asia,Indonesia,75,CR,Arboreal,0,0,1900,11.24,19.3473603069344,1
NHMUK_9.1.5.859,Manis javanica,1908,Asia,Indonesia,75,CR,Arboreal,0,0,1900,10.125,19.4677523130809,1
NHMUK_9.1.5.860,Manis javanica,1908,Asia,Indonesia,25,CR,Arboreal,0,0,1900,21.29,10.7143739189792,1
NHMUK_9.8.18.2,Phataginus tricuspis,NA,Africa,Sierra Leone,100,EN,Arboreal,1,0,NA,188.72,0,0
NHMUK_90.6.8.35,Smutsia temminckii,NA,Africa,Tanzania,25,VU,Terrestrial,0,0,NA,73.15,0,0
NHMUK_91.1.31.1,Manis crassicaudata,NA,Asia,India,50,EN,Terrestrial,0,0,NA,16.7,24.1349755891803,1
NHMUK_92.8.1.67,Smutsia temminckii,NA,Africa,Mozambique,50,VU,Terrestrial,0,0,NA,301.44,0,0
NHMUK_92.9.4.12,Manis javanica,1892,Asia,Malaysia,75,CR,Arboreal,0,0,1890,54.83,2.37616796815087,1
NHMUK_93.7.9.18,Smutsia temminckii,NA,Africa,Malawi,75,VU,Terrestrial,0,0,NA,11.44,52.7165604890992,1
NHMUK_95.7.17.1,Phataginus tricuspis,NA,Africa,Nigeria,25,EN,Arboreal,0,0,NA,7.45,54.6533201582999,1
NHMUK_96.1.10.1,Smutsia temminckii,NA,Africa,South Africa,50,VU,Terrestrial,1,1,NA,1184.88,0,0
NHMUK_97.3.11.1,Smutsia temminckii,NA,Africa,South Africa,50,VU,Terrestrial,1,1,NA,1184.88,0,0
NHMUK_98.10.21.5,Manis javanica,1879,Asia,Thailand,75,CR,Arboreal,0,0,1870,81.39,0,0
NHMUK_98.10.5.49,Manis javanica,1897,Asia,Thailand,100,CR,Arboreal,0,0,1890,103.66,0,0
NHMUK_98.8.3.6,Manis javanica,1898,Asia,Malaysia,100,CR,Arboreal,0,0,1890,118.9,0,0
NHMUK_no reg 1,Smutsia gigantea,1946,Africa,Sierra Leone,75,EN,Terrestrial,0,0,1940,3.08,48.384046727089,1
NHMUK_no reg 10,Manis javanica,NA,Asia,Singapore,25,CR,Arboreal,0,0,NA,32.21,6.02731530236846,1
NHMUK_no reg 11,Smutsia gigantea,NA,Africa,W. Africa,100,EN,Terrestrial,1,1,NA,1955.82,0,0
NHMUK_no reg 12,Phataginus tetradactyla,NA,Africa,W. Africa,100,VU,Arboreal,1,1,NA,1955.82,0,0
OMNH_659,Manis crassicaudata,1965,Asia,Pakistan,75,EN,Terrestrial,0,0,1960,3.036,27.7408554574595,1
FMNH_92879,Manis crassicaudata,1959,Asia,Sri Lanka,75,EN,Terrestrial,0,0,1950,3.51,19.4975800469434,1
FMNH_82823,Manis crassicaudata,1922,Asia,India,75,EN,Terrestrial,0,0,1920,3.69,87.9138090240361,1
KU_26648,Manis crassicaudata,1944,Asia,Sri Lanka,75,EN,Terrestrial,0,0,1940,4.64,23.6262456662279,1
FMNH_98264,Manis crassicaudata,1963,Asia,Sri Lanka,75,EN,Terrestrial,0,0,1960,13.8,12.3975092254807,1
MCZ_BOM-5305,Manis crassicaudata,1810,Asia,India,75,EN,Terrestrial,0,0,1810,60.957,0,0
MHNG_MHNG-MAM-1496.018,Manis crassicaudata,1977,Asia,Pakistan,75,EN,Terrestrial,0,0,1970,88.35,0,0
AMNH_M-34255,Manis crassicaudata,1910,Asia,Sri Lanka,50,EN,Terrestrial,0,0,1910,4.65,16.4980791286125,1
MCZ_BOM-1066,Manis crassicaudata,1700,Asia,India,75,EN,Terrestrial,0,0,1700,49.91,3.60482287031744,1
MCZ_BOM-1065,Manis crassicaudata,1700,Asia,India,75,EN,Terrestrial,1,1,1700,49.91,3.60482287031744,1
MCZ_32522,Manis crassicaudata,1934,Asia,Sri Lanka,100,EN,Terrestrial,0,0,1930,58,0,0
FMNH_62918,Manis culionensis,1947,Asia,Philippines,75,CR,Arboreal,0,0,1940,0.5,29.0784565145848,1
AMNH_M-242095,Manis culionensis,NA,Asia,Philippines,75,CR,Arboreal,1,0,NA,0.5,29.0784565145848,1
FMNH_62919,Manis culionensis,1947,Asia,Philippines,75,CR,Arboreal,0,0,1940,0.9,17.5768881106832,1
FMNH_62917,Manis culionensis,1947,Asia,Philippines,75,CR,Arboreal,0,0,1940,0.9,17.1952733068924,1
FMNH_62920,Manis culionensis,1947,Asia,Philippines,75,CR,Arboreal,1,1,1940,0.9,17.5768881106832,1
KU_165510,Manis culionensis,1999,Asia,Philippines,75,CR,Arboreal,0,0,1990,1.126,11.9343567691874,1
MCZ_35536,Manis culionensis,1937,Asia,Philippines,75,CR,Arboreal,0,0,1930,3.036,3.47843958351601,1
MCZ_35535,Manis culionensis,1937,Asia,Philippines,75,CR,Arboreal,1,1,1930,3.036,3.47843958351601,1
FMNH_62921,Manis culionensis,1947,Asia,Philippines,75,CR,Arboreal,0,0,1940,24.81,0.0578968079281064,1
AMNH_M-29745,Manis culionensis,NA,Asia,Philippines,25,CR,Arboreal,0,0,NA,1,15.5816315647643,1
AMNH_M-203298,Manis culionensis,1962,Asia,Philippines,75,CR,Arboreal,0,0,1960,247.57,0,0
UWBM_UWBM:Mamm:82627,Manis javanica,2010,Asia,Singapore,75,CR,Arboreal,0,0,2010,0.03,97.6565577065573,1
UWBM_UWBM:Mamm:82626,Manis javanica,2011,Asia,Singapore,75,CR,Arboreal,0,0,2010,0.03,100,1
UWBM_UWBM:Mamm:82629,Manis javanica,2010,Asia,Singapore,75,CR,Arboreal,0,0,2010,0.03,100,1
MCZ_35720,Manis javanica,1937,Asia,Malaysia,75,CR,Arboreal,0,0,1930,0.301,100,1
KU_73516,Manis javanica,1955,Asia,Indonesia,75,CR,Arboreal,0,0,1950,6,20.5883511022451,1
FMNH_37989,Manis javanica,1931,Asia,Laos,75,CR,Arboreal,0,0,1930,7.25,25.1459520776911,1
ROM_36802,Manis javanica,1965,Asia,Malaysia,75,CR,Arboreal,0,0,1960,15.15,20.9893962771621,1
MVZ_MVZ:Mamm:119379,Manis javanica,1954,Asia,Singapore,75,CR,Arboreal,0,0,1950,27.044,8.44313580967375,1
AMNH_M-102180,Manis javanica,1933,Asia,Indonesia,75,CR,Arboreal,0,0,1930,28.2,7.2600719884979,1
UWBM_UWBM:Mamm:82628,Manis javanica,1800,Asia,Singapore,75,CR,Arboreal,0,0,1800,30,6.90852768384704,1
USNM_488088,Manis javanica,1971,Asia,Malaysia,75,CR,Arboreal,0,0,1970,48.5,2.82124394189731,1
FMNH_33550,Manis javanica,1929,Asia,Malaysia,75,CR,Arboreal,0,0,1920,63.79,0,0
FMNH_68743,Manis javanica,1950,Asia,Malaysia,75,CR,Arboreal,0,0,1950,63.79,0,0
FMNH_68742,Manis javanica,1950,Asia,Malaysia,75,CR,Arboreal,1,1,1950,63.79,0,0
NCSM_8295,Manis javanica,NA,Asia,Cambodia,75,CR,Arboreal,0,0,NA,325,0,0
MHNG_MHNG-MAM-745.041,Manis javanica,NA,Asia,Malaysia,75,CR,Arboreal,0,0,NA,488.84,0,0
RBINS_299B,Manis javanica,NA,Asia,Myanmar,75,CR,Arboreal,0,0,NA,709.66,0,0
RBINS_299C,Manis javanica,NA,Asia,Myanmar,75,CR,Arboreal,0,0,NA,1113.26,0,0
UWBM_UWBM:Mamm:82865,Manis javanica,2019,Asia,Singapore,100,CR,Arboreal,0,0,2010,26.93,8.51263153353392,1
MCZ_6439,Manis javanica,1700,Africa,Namibia,100,CR,Arboreal,0,0,1700,736.75,0,0
UWBM_UWBM:Mamm:68927,Manis javanica,1850,Asia,Thailand,100,CR,Arboreal,0,0,1850,1065.72,0,0
O_18148,Manis javanica,NA,Asia,Thailand,100,CR,Arboreal,1,0,NA,1065.72,0,0
O_18147,Manis javanica,NA,Asia,Thailand,100,CR,Arboreal,1,1,NA,1065.72,0,0
O_18144,Manis javanica,NA,Asia,Thailand,100,CR,Arboreal,1,1,NA,1065.72,0,0
UAZ_UAZ 08572,Manis javanica,NA,Asia,Malaysia,100,CR,Arboreal,1,0,NA,1103.94,0,0
UAZ_UAZ 08573,Manis javanica,NA,Asia,Malaysia,100,CR,Arboreal,1,1,NA,1103.94,0,0
MVZ_MVZ:Mamm:183663,Manis javanica,1818,Asia,Malaysia,100,CR,Arboreal,1,0,1810,1103.94,0,0
USNM_300925,Manis javanica,1953,Asia,Malaysia,100,CR,Arboreal,1,0,1950,1103.94,0,0
MCZ_6999,Manis javanica,1907,Asia,Indonesia,50,CR,Arboreal,0,0,1900,5.155,21.722183194267,1
PSM_Mammal-14740,Manis javanica,NA,Asia,Malaysia,75,CR,Arboreal,0,0,NA,10.71,22.1509972143068,1
PSM_Mammal-14739,Manis javanica,1967,Asia,Malaysia,75,CR,Arboreal,1,0,1960,10.71,22.1509972143068,1
PSM_Mammal-14794,Manis javanica,1970,Asia,Malaysia,75,CR,Arboreal,1,0,1970,10.71,22.1509972143068,1
PSM_Mammal-14793,Manis javanica,1970,Asia,Malaysia,75,CR,Arboreal,1,1,1970,10.71,22.1509972143068,1
PSM_Mammal-14792,Manis javanica,1967,Asia,Malaysia,75,CR,Arboreal,1,1,1960,10.71,22.1509972143068,1
PSM_Mammal-14791,Manis javanica,1966,Asia,Malaysia,75,CR,Arboreal,1,0,1960,10.71,22.1509972143068,1
USNM_267387,Manis javanica,NA,Asia,Indonesia,50,CR,Arboreal,0,0,NA,10.92,17.0241961323287,1
USNM_267388,Manis javanica,NA,Asia,Indonesia,50,CR,Arboreal,1,1,NA,10.92,17.0241961323287,1
USNM_267389,Manis javanica,NA,Asia,Indonesia,50,CR,Arboreal,1,1,NA,10.92,17.0241961323287,1
MNHN_MO-1962-2119,Manis javanica,NA,Asia,Vietnam,50,CR,Arboreal,0,0,NA,30.92,6.71706138467178,1
USNM_153975,Manis javanica,1909,Asia,Indonesia,75,CR,Arboreal,0,0,1900,49.95,2.50661157929232,1
UMZC_E.1306,Manis javanica,1899,Asia,Thailand,100,CR,Arboreal,0,0,1890,105.14,0,0
USNM_124242,Manis javanica,1904,Asia,Myanmar,25,CR,Arboreal,0,0,1900,2.76,18.6341124116191,1
USNM_198319,Manis javanica,1913,Asia,Indonesia,50,CR,Arboreal,0,0,1910,5.415,32.5820926136282,1
AMNH_M-101731,Manis javanica,1932,Asia,Indonesia,25,CR,Arboreal,0,0,1930,7.23,23.1790723549836,1
AMNH_M-101730,Manis javanica,1932,Asia,Indonesia,25,CR,Arboreal,1,1,1930,7.23,23.1790723549836,1
AMNH_M-101732,Manis javanica,1932,Asia,Indonesia,25,CR,Arboreal,1,1,1930,7.23,23.1790723549836,1
AMNH_M-101753,Manis javanica,1932,Asia,Indonesia,25,CR,Arboreal,1,0,1930,7.23,22.1597529711831,1
AMNH_M-101562,Manis javanica,1932,Asia,Indonesia,25,CR,Arboreal,1,1,1930,7.23,22.1597529711831,1
AMNH_M-102077,Manis javanica,1933,Asia,Indonesia,25,CR,Arboreal,1,0,1930,7.23,22.1597529711831,1
AMNH_M-102045,Manis javanica,1933,Asia,Indonesia,25,CR,Arboreal,1,1,1930,7.23,22.1597529711831,1
AMNH_M-102044,Manis javanica,1933,Asia,Indonesia,25,CR,Arboreal,1,1,1930,7.23,22.1597529711831,1
AMNH_M-102043,Manis javanica,1933,Asia,Indonesia,25,CR,Arboreal,1,1,1930,7.23,22.1597529711831,1
AMNH_M-102095,Manis javanica,1933,Asia,Indonesia,25,CR,Arboreal,1,1,1930,7.23,22.1597529711831,1
AMNH_M-102094,Manis javanica,1933,Asia,Indonesia,25,CR,Arboreal,1,1,1930,7.23,22.1597529711831,1
AMNH_M-102041,Manis javanica,1933,Asia,Indonesia,25,CR,Arboreal,1,1,1930,7.23,22.1597529711831,1
AMNH_M-102098,Manis javanica,1933,Asia,Indonesia,25,CR,Arboreal,1,1,1930,7.23,22.1597529711831,1
AMNH_M-102097,Manis javanica,1933,Asia,Indonesia,25,CR,Arboreal,1,1,1930,7.23,22.1597529711831,1
AMNH_M-101677,Manis javanica,NA,Asia,Indonesia,25,CR,Arboreal,1,1,NA,7.23,22.1597529711831,1
AMNH_M-101566,Manis javanica,1932,Asia,Indonesia,25,CR,Arboreal,1,1,1930,7.23,22.1597529711831,1
AMNH_M-101565,Manis javanica,1929,Asia,Indonesia,25,CR,Arboreal,1,1,1920,7.23,22.1597529711831,1
AMNH_M-101564,Manis javanica,1929,Asia,Indonesia,25,CR,Arboreal,1,1,1920,7.23,22.1597529711831,1
AMNH_M-101563,Manis javanica,1929,Asia,Indonesia,25,CR,Arboreal,1,1,1920,7.23,22.1597529711831,1
USNM_142460,Manis javanica,1905,Asia,Indonesia,50,CR,Arboreal,0,0,1900,8.17,40.6947077952403,1
USNM_142461,Manis javanica,1905,Asia,Indonesia,50,CR,Arboreal,1,1,1900,8.17,40.6947077952403,1
MCZ_36022,Manis javanica,1937,Asia,Indonesia,75,CR,Arboreal,0,0,1930,9.42,18.8432727293596,1
USNM_154924,Manis javanica,1909,Asia,Indonesia,75,CR,Arboreal,1,0,1900,10.05,21.0235664629355,1
USNM_236633,Manis javanica,1916,Asia,Thailand,50,CR,Arboreal,0,0,1910,11.05,20.8836489378871,1
UBCBBM_M008731,Manis javanica,1961,Asia,Malaysia,75,CR,Arboreal,0,0,1960,12.75,24.2099340285789,1
UBCBBM_M008722,Manis javanica,1961,Asia,Malaysia,75,CR,Arboreal,1,1,1960,12.75,24.2099340285789,1
MNHN_MO-1897-1867,Manis javanica,NA,Asia,Malaysia,75,CR,Arboreal,0,0,NA,15.97,20.2735215009569,1
MNHN_MO-1923-391,Manis javanica,NA,Asia,Vietnam,25,CR,Arboreal,0,0,NA,16.61,13.4724548564331,1
USNM_199023,Manis javanica,1914,Asia,Indonesia,50,CR,Arboreal,0,0,1910,23.69,9.26844294090399,1
USNM_358009,Manis javanica,1968,Asia,Vietnam,50,CR,Arboreal,0,0,1960,40.53,4.05175257425112,1
MNHN_MO-1883-41,Manis javanica,NA,Asia,Thailand,25,CR,Arboreal,0,0,NA,48.59,2.87815854176292,1
USNM_317200,Manis javanica,1960,Asia,Malaysia,50,CR,Arboreal,0,0,1960,53.36,2.39359490517365,1
USNM_300924,Manis javanica,1953,Asia,Malaysia,50,CR,Arboreal,1,0,1950,53.36,2.39359490517365,1
USNM_317198,Manis javanica,1960,Asia,Malaysia,50,CR,Arboreal,1,1,1960,53.36,2.39359490517365,1
USNM_317199,Manis javanica,1960,Asia,Malaysia,50,CR,Arboreal,1,1,1960,53.36,2.39359490517365,1
MNHN_MO-1995-30,Manis javanica,NA,Asia,Vietnam,50,CR,Arboreal,0,0,NA,59.32,1.8967868130739,1
USNM_144418,Manis javanica,1907,Asia,Indonesia,25,CR,Arboreal,0,0,1900,9.39,27.192005873159,1
USNM_113114,Manis javanica,1901,Asia,Indonesia,100,CR,Arboreal,0,0,1900,25.11,9.75263985125413,1
USNM_141165,Manis javanica,1905,Asia,Indonesia,100,CR,Arboreal,0,0,1900,74.16,0,0
USNM_141164,Manis javanica,1905,Asia,Indonesia,100,CR,Arboreal,1,1,1900,74.16,0,0
USNM_104598,Manis javanica,1900,Asia,Indonesia,100,CR,Arboreal,0,0,1900,136.48,0,0
O_18146,Manis javanica,NA,Asia,Indonesia,100,CR,Arboreal,1,1,NA,594.96,0,0
O_18145,Manis javanica,NA,Asia,Indonesia,100,CR,Arboreal,1,1,NA,614.26,0,0
MHNG_MHNG-MAM-696.072,Manis javanica,NA,Asia,Indonesia,100,CR,Arboreal,0,0,NA,614.67,0,0
MHNG_MHNG-MAM-129.027,Manis javanica,NA,Asia,Indonesia,100,CR,Arboreal,1,1,NA,614.67,0,0
MHNG_MHNG-MAM-723.008,Manis javanica,NA,Asia,Indonesia,100,CR,Arboreal,1,1,NA,614.67,0,0
MHNG_MHNG-MAM-710.073,Manis javanica,NA,Asia,Indonesia,100,CR,Arboreal,1,1,NA,614.67,0,0
MHNG_MHNG-MAM-777.048,Manis javanica,NA,Asia,Indonesia,100,CR,Arboreal,1,1,NA,614.67,0,0
MNHN_MO-1911-1717,Manis javanica,NA,Asia,Indonesia,100,CR,Arboreal,0,0,NA,767.99,0,0
USNM_198852,Manis javanica,1914,Asia,Indonesia,100,CR,Arboreal,0,0,1910,490,0,0
USNM_356430,Manis javanica,1966,Asia,Vietnam,100,CR,Arboreal,0,0,1960,7.9,19.6795607867431,1
AMNH_M-87624,Manis javanica,1932,Asia,Laos,100,CR,Arboreal,0,0,1930,89.78,0,0
AMNH_M-87623,Manis javanica,1932,Asia,Laos,100,CR,Arboreal,1,1,1930,89.78,0,0
AMNH_M-87622,Manis javanica,1932,Asia,Laos,100,CR,Arboreal,1,1,1930,89.78,0,0
MCZ_35956,Manis javanica,1937,Asia,Thailand,0,CR,Arboreal,0,0,1930,0.301,100,1
USNM_321551,Manis javanica,1961,Asia,Cambodia,100,CR,Arboreal,0,0,1960,2,49.1325163662367,1
AMNH_M-32637,Manis javanica,1910,Asia,Malaysia,75,CR,Arboreal,0,0,1910,16.093,19.0283351535804,1
MNHN_MO-1985-104,Manis javanica,NA,Asia,Laos,100,CR,Arboreal,0,0,NA,516.14,0,0
MNHN_MO-1929-411,Manis javanica,NA,Asia,Laos,100,CR,Arboreal,1,1,NA,516.14,0,0
USNM_260592,Manis javanica,1935,Asia,Thailand,100,CR,Arboreal,1,0,1930,864.12,0,0
USNM_535155,Manis javanica,1954,Asia,Thailand,100,CR,Arboreal,1,0,1950,864.12,0,0
USNM_257682,Manis javanica,1931,Asia,Thailand,100,CR,Arboreal,1,0,1930,864.12,0,0
USNM_83250,Manis javanica,1896,Asia,Thailand,100,CR,Arboreal,1,0,1890,864.12,0,0
USNM_86789,Manis javanica,1899,Asia,Thailand,100,CR,Arboreal,1,0,1890,864.12,0,0
USNM_83513,Manis javanica,1896,Asia,Thailand,100,CR,Arboreal,1,1,1890,864.12,0,0
GNM_Ma ex 655,Manis javanica,1910,Africa,Namibia,100,CR,Arboreal,1,0,1910,950.45,0,0
GNM_CollAn 2726,Manis javanica,1910,Africa,Namibia,100,CR,Arboreal,1,1,1910,950.45,0,0
AMNH_M-102149,Manis javanica,1933,Asia,Indonesia,100,CR,Arboreal,0,0,1930,2658.79,0,0
AMNH_M-102148,Manis javanica,1933,Asia,Indonesia,100,CR,Arboreal,1,1,1930,2658.79,0,0
AMNH_M-102096,Manis javanica,1933,Asia,Indonesia,100,CR,Arboreal,1,1,1930,2658.79,0,0
AMNH_M-102042,Manis javanica,1933,Asia,Indonesia,100,CR,Arboreal,1,1,1930,2658.79,0,0
USNM_121516,Manis javanica,1902,Asia,Indonesia,100,CR,Arboreal,1,0,1900,2658.79,0,0
USNM_121517,Manis javanica,1902,Asia,Indonesia,100,CR,Arboreal,1,1,1900,2658.79,0,0
O_18150,Manis javanica,NA,Asia,Indonesia,100,CR,Arboreal,1,0,NA,2658.79,0,0
AMNH_M-103986,Manis javanica,1935,Asia,Indonesia,100,CR,Arboreal,1,0,1930,2658.79,0,0
AMNH_M-103985,Manis javanica,1935,Asia,Indonesia,100,CR,Arboreal,1,1,1930,2658.79,0,0
UMMZ_97618,Manis pentadactyla,1949,Asia,Taiwan,75,CR,Terrestrial,0,0,1940,0.0046,100,1
UMMZ_31587,Manis pentadactyla,NA,Asia,India,75,CR,Terrestrial,0,0,NA,0.36,100,1
FMNH_32513,Manis pentadactyla,1929,Asia,Laos,75,CR,Terrestrial,0,0,1920,2.91,93.7280400943693,1
FMNH_32512,Manis pentadactyla,1929,Asia,Laos,75,CR,Terrestrial,1,1,1920,2.91,93.7280400943693,1
FMNH_39284,Manis pentadactyla,1929,Asia,Laos,75,CR,Terrestrial,0,0,1920,4.4,14.1188763421037,1
CAS_16619,Manis pentadactyla,1960,Asia,Taiwan,75,CR,Terrestrial,0,0,1960,4.498,21.5776277308048,1
MSB_MSB:Mamm:13147,Manis pentadactyla,1960,Asia,Taiwan,75,CR,Terrestrial,1,1,1960,4.498,21.5776277308048,1
FMNH_114387,Manis pentadactyla,1973,Asia,Nepal,75,CR,Terrestrial,0,0,1970,4.82,19.1703910037303,1
MVZ_MVZ:Mamm:125554,Manis pentadactyla,1959,Asia,Taiwan,75,CR,Terrestrial,0,0,1950,7.33,29.6857643420776,1
FMNH_75880,Manis pentadactyla,1953,Asia,India,75,CR,Terrestrial,0,0,1950,19.85,14.9224209678575,1
FMNH_75879,Manis pentadactyla,1952,Asia,India,75,CR,Terrestrial,1,0,1950,19.85,14.9224209678575,1
FMNH_75878,Manis pentadactyla,1952,Asia,India,75,CR,Terrestrial,1,1,1950,19.85,14.9224209678575,1
FMNH_75877,Manis pentadactyla,1952,Asia,India,75,CR,Terrestrial,1,1,1950,19.85,14.9224209678575,1
FMNH_75875,Manis pentadactyla,1953,Asia,India,75,CR,Terrestrial,1,1,1950,19.85,14.9224209678575,1
FMNH_75874,Manis pentadactyla,1953,Asia,India,75,CR,Terrestrial,1,1,1950,19.85,14.9224209678575,1
FMNH_84812,Manis pentadactyla,1954,Asia,India,75,CR,Terrestrial,1,0,1950,19.85,14.9224209678575,1
AMNH_M-59927,Manis pentadactyla,1923,Asia,China,75,CR,Terrestrial,0,0,1920,33.32,7.09918137386021,1
FMNH_39384,Manis pentadactyla,1925,Asia,China,75,CR,Terrestrial,0,0,1920,93.27,0,0
FMNH_39385,Manis pentadactyla,1921,Asia,China,75,CR,Terrestrial,0,0,1920,132.9,0,0
RBINS_301B,Manis crassicaudata,1932,Asia,Sri Lanka,75,EN,Terrestrial,0,0,1930,274.14,0,0
MHNG_MHNG-MAM-299.042,Manis pentadactyla,NA,Asia,India,75,CR,Terrestrial,0,0,NA,1200,0,0
MHNG_MHNG-MAM-769.034,Manis pentadactyla,NA,Asia,India,75,CR,Terrestrial,1,1,NA,1200,0,0
MHNG_MHNG-MAM-769.035,Manis pentadactyla,NA,Asia,India,75,CR,Terrestrial,1,1,NA,1200,0,0
FMNH_75876,Manis pentadactyla,NA,Asia,India,75,CR,Terrestrial,1,1,NA,1200,0,0
O_18153,Manis pentadactyla,NA,Asia,India,100,CR,Terrestrial,1,1,NA,1688.15,0,0
LSUMZ_35002,Manis pentadactyla,1984,Asia,China,100,CR,Terrestrial,1,0,1980,2824.1,0,0
ROM_2603230109,Manis crassicaudata,NA,Asia,India,50,EN,Terrestrial,0,0,NA,1.09962,100,1
MCZ_38281,Manis pentadactyla,1939,Asia,Vietnam,100,CR,Terrestrial,1,0,1930,31.27,8.17790936805426,1
O_18152,Manis pentadactyla,NA,Asia,China,50,CR,Terrestrial,0,0,NA,46.63,4.0345451084021,1
O_18151,Manis pentadactyla,NA,Asia,China,50,CR,Terrestrial,1,1,NA,46.63,4.0345451084021,1
CUMV_11091,Manis pentadactyla,1961,Asia,Taiwan,100,CR,Terrestrial,0,0,1960,46.74,3.91643110938012,1
USNM_355454,Manis pentadactyla,1960,Asia,Laos,100,CR,Terrestrial,0,0,1960,98.4,0,0
AMNH_M-184958,Manis pentadactyla,1960,Asia,Taiwan,100,CR,Terrestrial,0,0,1960,106.2,0,0
AMNH_M-184959,Manis pentadactyla,1960,Asia,Taiwan,100,CR,Terrestrial,1,1,1960,106.2,0,0
MNHN_MO-1868-1376,Manis pentadactyla,NA,Asia,China,100,CR,Terrestrial,0,0,NA,1013.49,0,0
USNM_240481,Manis pentadactyla,NA,Asia,Vietnam,25,CR,Terrestrial,0,0,NA,2.63,96.1017862639245,1
USNM_356431,Manis pentadactyla,1965,Asia,Vietnam,25,CR,Terrestrial,0,0,1960,3.54,11.1847203886182,1
FMNH_39388,Manis pentadactyla,1923,Asia,China,50,CR,Terrestrial,0,0,1920,5.035,33.1482165274718,1
FMNH_39387,Manis pentadactyla,1923,Asia,China,50,CR,Terrestrial,1,1,1920,5.035,33.1482165274718,1
FMNH_39386,Manis pentadactyla,1923,Asia,China,50,CR,Terrestrial,1,1,1920,5.035,33.1482165274718,1
FMNH_146075,Manis pentadactyla,1923,Asia,China,50,CR,Terrestrial,0,0,1920,5.035,33.234158341915,1
AMNH_M-200533,Manis pentadactyla,NA,Asia,China,50,CR,Terrestrial,0,0,NA,5.035,33.2383005339727,1
AMNH_M-60017,Manis pentadactyla,1923,Asia,China,50,CR,Terrestrial,1,0,1920,5.035,33.2383005339727,1
AMNH_M-60015,Manis pentadactyla,1923,Asia,China,50,CR,Terrestrial,1,1,1920,5.035,33.2383005339727,1
AMNH_M-60016,Manis pentadactyla,1923,Asia,China,50,CR,Terrestrial,1,1,1920,5.035,33.2383005339727,1
AMNH_M-60008,Manis pentadactyla,1923,Asia,China,50,CR,Terrestrial,1,1,1920,5.035,33.2383005339727,1
AMNH_M-60010,Manis pentadactyla,1923,Asia,China,50,CR,Terrestrial,1,1,1920,5.035,33.2383005339727,1
AMNH_M-60019,Manis pentadactyla,1923,Asia,China,50,CR,Terrestrial,1,1,1920,5.035,33.2383005339727,1
AMNH_M-60018,Manis pentadactyla,1923,Asia,China,50,CR,Terrestrial,1,1,1920,5.035,33.2383005339727,1
AMNH_M-60022,Manis pentadactyla,1923,Asia,China,50,CR,Terrestrial,1,1,1920,5.035,33.2383005339727,1
AMNH_M-60013,Manis pentadactyla,1923,Asia,China,50,CR,Terrestrial,1,1,1920,5.035,33.2383005339727,1
AMNH_M-60011,Manis pentadactyla,1923,Asia,China,50,CR,Terrestrial,1,1,1920,5.035,33.2383005339727,1
AMNH_M-60012,Manis pentadactyla,1923,Asia,China,50,CR,Terrestrial,1,1,1920,5.035,33.2383005339727,1
AMNH_M-60009,Manis pentadactyla,1923,Asia,China,50,CR,Terrestrial,1,1,1920,5.035,33.2383005339727,1
AMNH_M-60006,Manis pentadactyla,1923,Asia,China,50,CR,Terrestrial,1,1,1920,5.035,33.2383005339727,1
AMNH_M-60014,Manis pentadactyla,1923,Asia,China,50,CR,Terrestrial,1,1,1920,5.035,33.2383005339727,1
AMNH_M-60004,Manis pentadactyla,1922,Asia,China,50,CR,Terrestrial,1,0,1920,5.035,33.2383005339727,1
AMNH_M-60007,Manis pentadactyla,1923,Asia,China,50,CR,Terrestrial,1,1,1920,5.035,33.2383005339727,1
WNMU_WNMU:Mamm:1241,Manis pentadactyla,1967,Asia,Taiwan,75,CR,Terrestrial,0,0,1960,10.86,19.8424301856418,1
EMU_EMU M 250,Manis pentadactyla,NA,Asia,Taiwan,75,CR,Terrestrial,1,0,NA,10.86,19.8424301856418,1
ISM_690311,Manis pentadactyla,1960,Asia,Taiwan,75,CR,Terrestrial,1,0,1960,10.86,19.8424301856418,1
KU_83579,Manis pentadactyla,1960,Asia,Taiwan,75,CR,Terrestrial,0,0,1960,11.08,19.5924983072803,1
LACM_008227,Manis pentadactyla,1945,Asia,China,50,CR,Terrestrial,0,0,1940,13.233,39.3451666286337,1
AMNH_M-173637,Manis pentadactyla,1956,Asia,Taiwan,50,CR,Terrestrial,0,0,1950,31.35,7.90155912273671,1
AMNH_M-60173,Manis pentadactyla,1925,Asia,China,75,CR,Terrestrial,0,0,1920,66.85,2.13623386664117,1
USNM_238735,Manis pentadactyla,1922,Asia,China,25,CR,Terrestrial,0,0,1920,93.71,0,0
MCZ_19992,Manis pentadactyla,1922,Asia,China,75,CR,Terrestrial,0,0,1920,96.65,0,0
FMNH_32697,Manis pentadactyla,1929,Asia,Vietnam,25,CR,Terrestrial,0,0,1920,356.79,1.91078409353865,1
AMNH_M-115628,Manis pentadactyla,1956,Asia,Taiwan,100,CR,Terrestrial,1,0,1950,212.06,0,0
LSUMZ_8916,Manis pentadactyla,1961,Asia,Taiwan,100,CR,Terrestrial,1,0,1960,212.06,0,0
ROM_1406120003,Manis pentadactyla,NA,Asia,Taiwan,100,CR,Terrestrial,1,1,NA,212.06,0,0
ROM_1406120004,Manis pentadactyla,NA,Asia,Taiwan,100,CR,Terrestrial,1,1,NA,212.06,0,0
MVZ_MVZ:Mamm:174854,Manis pentadactyla,1818,Asia,Taiwan,100,CR,Terrestrial,1,0,1810,212.06,0,0
MZLU_L897/3277,Manis javanica,1897,Asia,Indonesia,75,CR,Arboreal,0,0,1890,6.96,19.8344708952632,1
AMNH_M-167959,Manis pentadactyla,1901,Asia,Thailand,75,CR,Terrestrial,0,0,1900,13.34,28.0561310147456,1
MCZ_35947,Manis pentadactyla,1937,Asia,Thailand,75,CR,Terrestrial,0,0,1930,21.67,15.1218518827236,1
MCZ_35957,Manis pentadactyla,1937,Asia,Thailand,75,CR,Terrestrial,1,1,1930,21.67,15.1218518827236,1
UMMZ_114843,Manis pentadactyla,NA,Asia,Thailand,25,CR,Terrestrial,0,0,NA,0.005,0,0
USNM_332898,Manis pentadactyla,1958,Asia,Taiwan,100,CR,Terrestrial,0,0,1950,32.187,7.55933472040033,1
USNM_310829,Manis pentadactyla,1958,Asia,Taiwan,100,CR,Terrestrial,1,1,1950,32.187,7.55933472040033,1
FMNH_46525,Manis pentadactyla,1937,Asia,Vietnam,75,CR,Terrestrial,0,0,1930,40.234,4.78808279610886,1
FMNH_46524,Manis pentadactyla,1937,Asia,Vietnam,75,CR,Terrestrial,1,1,1930,40.234,4.78808279610886,1
USNM_332899,Manis pentadactyla,1951,Asia,Taiwan,100,CR,Terrestrial,0,0,1950,226.92,0,0
USNM_311292,Manis pentadactyla,1958,Asia,Taiwan,100,CR,Terrestrial,1,0,1950,226.92,0,0
AMNH_M-185133,Manis pentadactyla,1959,Asia,Taiwan,100,CR,Terrestrial,1,0,1950,226.92,0,0
AMNH_M-33947,Manis pentadactyla,1910,Asia,Taiwan,100,CR,Terrestrial,1,0,1910,226.92,0,0
USNM_294178,Manis pentadactyla,1952,Asia,Taiwan,100,CR,Terrestrial,1,0,1950,226.92,0,0
USNM_294179,Manis pentadactyla,1952,Asia,Taiwan,100,CR,Terrestrial,1,1,1950,226.92,0,0
Royal Ontario Museum: ROM_0589,Manis pentadactyla,1967,Asia,Taiwan,100,CR,Terrestrial,1,0,1960,226.92,0,0
USNM_308865,Manis pentadactyla,NA,Asia,Taiwan,100,CR,Terrestrial,1,0,NA,226.92,0,0
USNM_308864,Manis pentadactyla,NA,Asia,Taiwan,100,CR,Terrestrial,1,1,NA,226.92,0,0
FMNH_32511,Manis pentadactyla,1929,Asia,Vietnam,100,CR,Terrestrial,1,0,1920,881.55,0,0
AMNH_M-60021,Manis pentadactyla,1923,Asia,China,100,CR,Terrestrial,1,0,1920,3004.96,0,0
AMNH_M-60020,Manis pentadactyla,1923,Asia,China,100,CR,Terrestrial,1,1,1920,3004.96,0,0
AMNH_M-60005,Manis pentadactyla,1923,Asia,China,100,CR,Terrestrial,1,1,1920,3004.96,0,0
AMNH_M-57059,Manis pentadactyla,1921,Asia,China,100,CR,Terrestrial,1,0,1920,3004.96,0,0
MNHN_MO-1962-61,Manis pentadactyla,NA,Asia,China,100,CR,Terrestrial,1,1,NA,3004.96,0,0
MNHN_MO-1913-729,Manis pentadactyla,NA,Asia,China,100,CR,Terrestrial,1,1,NA,3004.96,0,0
USNM_240168,Manis pentadactyla,1923,Asia,China,100,CR,Terrestrial,1,1,1920,3004.96,0,0
MHNG_MHNG-MAM-1497.041,Phataginus tetradactyla,NA,Africa,Ivory Coast,75,VU,Arboreal,0,0,NA,1.36,58.8600301975223,1
MHNG_MHNG-MAM-912.042,Phataginus tetradactyla,1955,Africa,Cameroon,75,VU,Arboreal,0,0,1950,1.76,94.2758311390341,1
MHNG_MHNG-MAM-912.043,Phataginus tetradactyla,1955,Africa,Cameroon,75,VU,Arboreal,1,1,1950,1.76,94.2758311390341,1
MHNG_MHNG-MAM-1494.074,Phataginus tetradactyla,NA,Africa,Ivory Coast,75,VU,Arboreal,0,0,NA,7.21,29.6970300649706,1
RBINS_9259,Phataginus tetradactyla,NA,Africa,Democratic Republic of the Congo,75,VU,Arboreal,0,0,NA,1646.07,0,0
RBINS_9258,Phataginus tetradactyla,NA,Africa,Democratic Republic of the Congo,75,VU,Arboreal,1,1,NA,1646.07,0,0
RBINS_9005,Phataginus tetradactyla,NA,Africa,Democratic Republic of the Congo,75,VU,Arboreal,1,1,NA,1646.07,0,0
RBINS_7994,Phataginus tetradactyla,1946,Africa,Democratic Republic of the Congo,75,VU,Arboreal,0,0,1940,1646.07,0,0
RBINS_6962,Phataginus tetradactyla,NA,Africa,Democratic Republic of the Congo,75,VU,Arboreal,0,0,NA,1646.07,0,0
RBINS_13019,Phataginus tetradactyla,NA,Africa,Democratic Republic of the Congo,75,VU,Arboreal,1,1,NA,1646.07,0,0
MHNG_MHNG-MAM-619.026,Phataginus tetradactyla,NA,Africa,Liberia,100,VU,Arboreal,0,0,NA,247.54,0,0
MHNG_MHNG-MAM-619.029,Phataginus tetradactyla,NA,Africa,Liberia,100,VU,Arboreal,1,1,NA,247.54,0,0
MNHN_MO-1990-48,Phataginus tetradactyla,1989,Africa,Gabon,25,VU,Arboreal,0,0,1980,5.46,81.745798377575,1
MNHN_MO-1901-1135,Phataginus tetradactyla,NA,Africa,Ivory Coast,25,VU,Arboreal,0,0,NA,7.62,26.9077312731405,1
MNHN_MO-1958-193,Phataginus tetradactyla,1958,Africa,Gabon,25,VU,Arboreal,0,0,1950,7.79,37.8734954034951,1
MNHN_MO-1958-194,Phataginus tetradactyla,NA,Africa,Gabon,25,VU,Arboreal,1,0,NA,7.79,37.8734954034951,1
MNHN_MO-1962-1174,Phataginus tetradactyla,NA,Africa,Ivory Coast,50,VU,Arboreal,0,0,NA,7.91,25.4528750749899,1
MNHN_MO-1962-1173,Phataginus tetradactyla,NA,Africa,Ivory Coast,50,VU,Arboreal,1,1,NA,7.91,25.4528750749899,1
USNM_5142,Phataginus tetradactyla,NA,Africa,Ghana,25,VU,Arboreal,0,0,NA,8.09,21.6957646082395,1
MNHN_2005-243,Phataginus tetradactyla,1957,Africa,Central African Republic,25,VU,Arboreal,0,0,1950,9.9,48.620366237004,1
USNM_218835,Phataginus tetradactyla,1917,Africa,Gabon,75,VU,Arboreal,0,0,1910,15.46,22.0050658601722,1
AMNH_M-89399,Phataginus tetradactyla,1940,Africa,Ivory Coast,100,VU,Arboreal,0,0,1940,0.258,100,1
USNM_220402,Phataginus tetradactyla,1918,Africa,Gabon,100,VU,Arboreal,0,0,1910,25.51,11.9367652214683,1
MNHN_MO-1985-103,Phataginus tetradactyla,NA,Africa,Republic of the Congo,25,VU,Arboreal,0,0,NA,35.65,6.2751224492059,1
MNHN_MO-1985-102,Phataginus tetradactyla,NA,Africa,Republic of the Congo,25,VU,Arboreal,1,1,NA,35.65,6.2751224492059,1
USNM_481807,Phataginus tetradactyla,1971,Africa,Liberia,100,VU,Arboreal,0,0,1970,25,6.38364519141314,1
USNM_481805,Phataginus tetradactyla,1971,Africa,Liberia,100,VU,Arboreal,1,1,1970,25,6.38364519141314,1
USNM_481806,Phataginus tetradactyla,1971,Africa,Liberia,100,VU,Arboreal,1,1,1970,25,6.38364519141314,1
MNHN_MO-1872-140,Phataginus tetradactyla,NA,Africa,Ghana,100,VU,Arboreal,0,0,NA,380.2,3.39846568883859,1
MNHN_MO-1942-189,Phataginus tetradactyla,NA,Africa,Ivory Coast,100,VU,Arboreal,0,0,NA,439.02,0,0
MNHN_MO-1988-268,Phataginus tetradactyla,NA,Africa,Ivory Coast,100,VU,Arboreal,1,1,NA,439.02,0,0
MNHN_MO-1962-60,Phataginus tetradactyla,NA,Africa,Central African Republic,100,VU,Arboreal,0,0,NA,777.06,0,0
MNHN_MO-1985-101,Phataginus tetradactyla,NA,Africa,Central African Republic,100,VU,Arboreal,1,1,NA,777.06,0,0
UMMZ_38382,Phataginus tricuspis,NA,Africa,Cameroon,75,EN,Arboreal,0,0,NA,0.0025,100,1
UMMZ_62835,Phataginus tricuspis,NA,Africa,Cameroon,75,EN,Arboreal,0,0,NA,0.00705,100,1
USNM_465927,Phataginus tricuspis,1969,Africa,Ghana,75,EN,Arboreal,0,0,1960,0.109,100,1
USNM_465928,Phataginus tricuspis,1969,Africa,Ghana,75,EN,Arboreal,1,1,1960,0.109,100,1
USNM_435022,Phataginus tricuspis,1968,Africa,Ghana,75,EN,Arboreal,0,0,1960,0.309,100,1
MHNG_MHNG-MAM-1736.019,Phataginus tricuspis,1953,Africa,Ivory Coast,75,EN,Arboreal,0,0,1950,1.06,86.9979409236069,1
MHNG_MHNG-MAM-1736.020,Phataginus tricuspis,1953,Africa,Ivory Coast,75,EN,Arboreal,0,0,1950,1.36,58.8600465851437,1
USNM_412726,Phataginus tricuspis,1967,Africa,Ghana,75,EN,Arboreal,0,0,1960,1.86,55.8291087737451,1
ROM_34406,Phataginus tricuspis,1965,Africa,Uganda,75,EN,Arboreal,0,0,1960,1.96,48.4688031074534,1
LACM_053511,Phataginus tricuspis,1967,Africa,Uganda,75,EN,Arboreal,0,0,1960,2.094,95.7252941134997,1
LACM_053513,Phataginus tricuspis,1967,Africa,Uganda,75,EN,Arboreal,1,1,1960,2.094,95.7252941134997,1
LACM_053512,Phataginus tricuspis,1968,Africa,Uganda,75,EN,Arboreal,1,0,1960,2.094,95.7252941134997,1
USNM_465921,Phataginus tricuspis,1969,Africa,Ivory Coast,75,EN,Arboreal,0,0,1960,2.16,64.6622312729218,1
USNM_576120,Phataginus tricuspis,1969,Africa,Ivory Coast,75,EN,Arboreal,1,1,1960,2.16,64.6622312729218,1
USNM_448340,Phataginus tricuspis,NA,Africa,Democratic Republic of the Congo,75,EN,Arboreal,0,0,NA,3.27,100,1
MHNG_MHNG-MAM-912.040,Phataginus tricuspis,1954,Africa,Cameroon,75,EN,Arboreal,0,0,1950,3.56,89.6261182104867,1
MHNG_MHNG-MAM-912.039,Phataginus tricuspis,1954,Africa,Cameroon,75,EN,Arboreal,1,1,1950,3.56,89.6261182104867,1
MHNG_MHNG-MAM-912.038,Phataginus tricuspis,1953,Africa,Cameroon,75,EN,Arboreal,0,0,1950,3.56,90.8194487486866,1
MHNG_MHNG-MAM-912.041,Phataginus tricuspis,1955,Africa,Cameroon,75,EN,Arboreal,0,0,1950,3.56,90.5960076751708,1
MVZ_MVZ:Mamm:133085,Phataginus tricuspis,1946,Africa,Liberia,75,EN,Arboreal,0,0,1940,4.993,46.890771539403,1
MHNG_MHNG-MAM-1736.021,Phataginus tricuspis,NA,Africa,Ivory Coast,75,EN,Arboreal,0,0,NA,5.16,54.9291287003613,1
USNM_465920,Phataginus tricuspis,1969,Africa,Ivory Coast,75,EN,Arboreal,0,0,1960,7.21,38.2248302340498,1
MNHN_MO-1995-3295,Phataginus tricuspis,NA,Africa,Ivory Coast,75,EN,Arboreal,1,0,NA,7.21,38.2248302340498,1
MNHN_MO-1993-4803,Phataginus tricuspis,NA,Africa,Ivory Coast,75,EN,Arboreal,1,1,NA,7.21,38.2248302340498,1
MNHN_MO-1993-216,Phataginus tricuspis,NA,Africa,Ivory Coast,75,EN,Arboreal,1,1,NA,7.21,38.2248302340498,1
MNHN_MO-1993-215,Phataginus tricuspis,1963,Africa,Ivory Coast,75,EN,Arboreal,1,0,1960,7.21,38.2248302340498,1
USNM_537784,Phataginus tricuspis,1979,Africa,Democratic Republic of the Congo,75,EN,Arboreal,0,0,1970,8,84.7690874618088,1
USNM_537783,Phataginus tricuspis,1979,Africa,Democratic Republic of the Congo,75,EN,Arboreal,1,1,1970,8,84.7690874618088,1
MHNG_MHNG-MAM-1871.020,Phataginus tricuspis,1979,Africa,Democratic Republic of the Congo,75,EN,Arboreal,0,0,1970,8,84.8699204624326,1
USNM_465925,Phataginus tricuspis,1969,Africa,Ivory Coast,75,EN,Arboreal,0,0,1960,10.12,26.6352481194431,1
LSUMZ_8688,Phataginus tricuspis,1961,Africa,Kenya,75,EN,Arboreal,0,0,1960,14.07,24.6776278730035,1
USNM_450072,Phataginus tricuspis,1969,Africa,Ivory Coast,75,EN,Arboreal,0,0,1960,14.32,19.0618769169296,1
USNM_450073,Phataginus tricuspis,1969,Africa,Ivory Coast,75,EN,Arboreal,1,1,1960,14.32,19.0618769169296,1
YPM_YPM MAM 009956,Phataginus tricuspis,1958,Africa,Liberia,75,EN,Arboreal,0,0,1950,20,9.71911019229308,1
YPM_YPM MAM 009957,Phataginus tricuspis,NA,Africa,Liberia,75,EN,Arboreal,1,0,NA,20,9.71911019229308,1
ROM_41765,Phataginus tricuspis,1967,Africa,Uganda,75,EN,Arboreal,0,0,1960,23.76,22.0143671374226,1
USNM_465926,Phataginus tricuspis,1969,Africa,Ivory Coast,75,EN,Arboreal,0,0,1960,24.75,14.0713994522471,1
USNM_465923,Phataginus tricuspis,1969,Africa,Ivory Coast,75,EN,Arboreal,1,1,1960,24.75,14.0713994522471,1
USNM_576121,Phataginus tricuspis,1969,Africa,Ivory Coast,75,EN,Arboreal,1,1,1960,24.75,14.0713994522471,1
USNM_465922,Phataginus tricuspis,1969,Africa,Ivory Coast,75,EN,Arboreal,1,1,1960,24.75,14.0713994522471,1
USNM_465924,Phataginus tricuspis,1969,Africa,Ivory Coast,75,EN,Arboreal,1,1,1960,24.75,14.0713994522471,1
TTU_18039,Phataginus tricuspis,1972,Africa,Cameroon,75,EN,Arboreal,0,0,1970,24.838,24.923985770147,1
AMNH_M-241131,Phataginus tricuspis,1972,Africa,Cameroon,75,EN,Arboreal,1,1,1970,24.838,24.923985770147,1
AMNH_M-241130,Phataginus tricuspis,1972,Africa,Cameroon,75,EN,Arboreal,1,1,1970,24.838,24.923985770147,1
USNM_537785,Phataginus tricuspis,1979,Africa,Democratic Republic of the Congo,75,EN,Arboreal,0,0,1970,54.43,5.85421203953241,1
MHNG_MHNG-MAM-1871.021,Phataginus tricuspis,1979,Africa,Democratic Republic of the Congo,75,EN,Arboreal,0,0,1970,56.78,5.43955289449538,1
MSU_MR.15233,Phataginus tricuspis,1968,Africa,Liberia,75,EN,Arboreal,0,0,1960,90.326,2.67072367939764,1
KU_147238,Phataginus tricuspis,1951,Africa,Democratic Republic of the Congo,75,EN,Arboreal,0,0,1950,91.5,0,0
KU_147237,Phataginus tricuspis,1951,Africa,Democratic Republic of the Congo,75,EN,Arboreal,1,1,1950,91.5,0,0
MHNG_MHNG-MAM-1686.061,Phataginus tricuspis,1985,Africa,Central African Republic,75,EN,Arboreal,0,0,1980,106.47,0,0
USNM_439127,Phataginus tricuspis,1968,Africa,Benin,75,EN,Arboreal,0,0,1960,500.76,0,0
AMNH_M-236363,Phataginus tricuspis,1974,Africa,Cameroon,75,EN,Arboreal,0,0,1970,520,0,0
YPM_YPM MAM 014712,Phataginus tricuspis,1972,Africa,Cameroon,75,EN,Arboreal,0,0,1970,520,0,0
YPM_YPM MAM 014869,Phataginus tricuspis,1973,Africa,Cameroon,75,EN,Arboreal,1,0,1970,520,0,0
MHNG_MHNG-MAM-1828.023,Phataginus tricuspis,NA,Africa,Cameroon,75,EN,Arboreal,0,0,NA,520,0,0
RBINS_15500,Phataginus tricuspis,1953,Africa,Democratic Republic of the Congo,75,EN,Arboreal,0,0,1950,1646.07,0,0
AMNH_M-53919,Phataginus tricuspis,1913,Africa,Democratic Republic of the Congo,75,EN,Arboreal,0,0,1910,1646.07,0,0
RBINS_34554,Phataginus tricuspis,1950,Africa,Democratic Republic of the Congo,75,EN,Arboreal,0,0,1950,1646.07,0,0
RBINS_4847,Phataginus tricuspis,1938,Africa,Democratic Republic of the Congo,75,EN,Arboreal,0,0,1930,1646.07,0,0
RBINS_13020,Phataginus tricuspis,NA,Africa,Democratic Republic of the Congo,75,EN,Arboreal,0,0,NA,1646.07,0,0
RBINS_12877,Phataginus tricuspis,1951,Africa,Democratic Republic of the Congo,75,EN,Arboreal,1,0,1950,1646.07,0,0
RBINS_17311,Phataginus tricuspis,1953,Africa,Democratic Republic of the Congo,75,EN,Arboreal,0,0,1950,1646.07,0,0
RBINS_7999,Phataginus tricuspis,1948,Africa,Democratic Republic of the Congo,75,EN,Arboreal,0,0,1940,1646.07,0,0
RBINS_8000,Phataginus tricuspis,NA,Africa,Democratic Republic of the Congo,75,EN,Arboreal,1,0,NA,1646.07,0,0
RBINS_7998,Phataginus tricuspis,1947,Africa,Democratic Republic of the Congo,75,EN,Arboreal,1,0,1940,1646.07,0,0
RBINS_303C,Phataginus tricuspis,NA,Africa,Democratic Republic of the Congo,75,EN,Arboreal,0,0,NA,1646.07,0,0
RBINS_6978,Phataginus tricuspis,NA,Africa,Democratic Republic of the Congo,75,EN,Arboreal,0,0,NA,1646.07,0,0
RBINS_35053,Phataginus tricuspis,1981,Africa,Democratic Republic of the Congo,75,EN,Arboreal,0,0,1980,1646.07,0,0
RBINS_35051,Phataginus tricuspis,1981,Africa,Democratic Republic of the Congo,75,EN,Arboreal,1,1,1980,1646.07,0,0
RBINS_35046,Phataginus tricuspis,1980,Africa,Democratic Republic of the Congo,75,EN,Arboreal,1,0,1980,1646.07,0,0
RBINS_35049,Phataginus tricuspis,1980,Africa,Democratic Republic of the Congo,75,EN,Arboreal,1,1,1980,1646.07,0,0
RBINS_35050,Phataginus tricuspis,1980,Africa,Democratic Republic of the Congo,75,EN,Arboreal,1,1,1980,1646.07,0,0
RBINS_35047,Phataginus tricuspis,1980,Africa,Democratic Republic of the Congo,75,EN,Arboreal,1,1,1980,1646.07,0,0
RBINS_35048,Phataginus tricuspis,1980,Africa,Democratic Republic of the Congo,75,EN,Arboreal,1,1,1980,1646.07,0,0
RBINS_35056,Phataginus tricuspis,1982,Africa,Democratic Republic of the Congo,75,EN,Arboreal,1,0,1980,1646.07,0,0
RBINS_35055,Phataginus tricuspis,1981,Africa,Democratic Republic of the Congo,75,EN,Arboreal,1,1,1980,1646.07,0,0
RBINS_35054,Phataginus tricuspis,1981,Africa,Democratic Republic of the Congo,75,EN,Arboreal,1,1,1980,1646.07,0,0
RBINS_35044,Phataginus tricuspis,1979,Africa,Democratic Republic of the Congo,75,EN,Arboreal,1,0,1970,1646.07,0,0
RBINS_35045,Phataginus tricuspis,1980,Africa,Democratic Republic of the Congo,75,EN,Arboreal,1,1,1980,1646.07,0,0
RBINS_35058,Phataginus tricuspis,1982,Africa,Democratic Republic of the Congo,75,EN,Arboreal,1,1,1980,1646.07,0,0
RBINS_35057,Phataginus tricuspis,1982,Africa,Democratic Republic of the Congo,75,EN,Arboreal,1,1,1980,1646.07,0,0
RBINS_35052,Phataginus tricuspis,1981,Africa,Democratic Republic of the Congo,75,EN,Arboreal,1,1,1980,1646.07,0,0
MHNG_MHNG-MAM-619.027,Phataginus tricuspis,NA,Africa,Liberia,100,EN,Arboreal,0,0,NA,247.54,0,0
MHNG_MHNG-MAM-619.030,Phataginus tricuspis,NA,Africa,Liberia,100,EN,Arboreal,1,1,NA,247.54,0,0
RBINS_16432,Phataginus tricuspis,1965,Africa,Liberia,100,EN,Arboreal,0,0,1960,305.4,3.93323492396943,1
RBINS_16431,Phataginus tricuspis,1965,Africa,Liberia,100,EN,Arboreal,1,1,1960,305.4,3.93323492396943,1
RBINS_16433,Phataginus tricuspis,1965,Africa,Liberia,100,EN,Arboreal,1,1,1960,305.4,3.93323492396943,1
RBINS_16430,Phataginus tricuspis,1965,Africa,Liberia,100,EN,Arboreal,1,1,1960,305.4,3.93323492396943,1
ROM_9508130012,Phataginus tricuspis,NA,Africa,Liberia,100,EN,Arboreal,1,0,NA,305.4,3.93323492396943,1
ROM_9508130013,Phataginus tricuspis,NA,Africa,Liberia,100,EN,Arboreal,1,1,NA,305.4,3.93323492396943,1
O_18158,Phataginus tricuspis,NA,Africa,Republic of the Congo,100,EN,Arboreal,0,0,NA,586.6,0,0
O_18157,Phataginus tricuspis,NA,Africa,Republic of the Congo,100,EN,Arboreal,1,1,NA,586.6,0,0
AMNH_M-269889,Phataginus tricuspis,1996,Africa,Central African Republic,100,EN,Arboreal,0,0,1990,136.15,0,0
AMNH_M-269861,Phataginus tricuspis,1996,Africa,Central African Republic,100,EN,Arboreal,1,1,1990,136.15,0,0
AMNH_M-269905,Phataginus tricuspis,1996,Africa,Central African Republic,100,EN,Arboreal,1,1,1990,136.15,0,0
AMNH_M-269901,Phataginus tricuspis,1996,Africa,Central African Republic,100,EN,Arboreal,1,1,1990,136.15,0,0
USNM_101448,Phataginus tricuspis,NA,Africa,Democratic Republic of the Congo,100,EN,Arboreal,0,0,NA,304.87,0,0
GNM_Ma ex 790,Phataginus tricuspis,1911,Africa,Democratic Republic of the Congo,75,EN,Arboreal,0,0,1910,364.34,24.620657188444,1
GNM_Ma ex 789,Phataginus tricuspis,1911,Africa,Democratic Republic of the Congo,75,EN,Arboreal,1,1,1910,364.34,24.620657188444,1
MNHN_MO-1847-1839,Phataginus tricuspis,NA,Africa,Mozambique,100,EN,Arboreal,0,0,NA,1386.06,0,0
MVZ_MVZ:Mamm:183664,Phataginus tricuspis,1963,Africa,Sierra Leone,25,EN,Arboreal,0,0,1960,0.297,100,1
MNHN_MO-1942-190,Phataginus tricuspis,NA,Africa,Liberia,25,EN,Arboreal,0,0,NA,0.414,73.2874063213483,1
MNHN_MO-1981-1372,Phataginus tricuspis,NA,Africa,Gabon,25,EN,Arboreal,0,0,NA,0.832,100,1
YPM_YPM MAM 014711,Phataginus tricuspis,1971,Africa,Cameroon,25,EN,Arboreal,0,0,1970,1.08,73.0196496129197,1
UMZC_E.1258,Phataginus tricuspis,1932,Africa,Cameroon,25,EN,Arboreal,1,1,1930,2.02,93.5565156809794,1
UMZC_E.1257,Phataginus tricuspis,1932,Africa,Cameroon,25,EN,Arboreal,1,1,1930,2.02,93.5565156809794,1
AMNH_M-119963,Phataginus tricuspis,NA,Africa,Gabon,25,EN,Arboreal,0,0,NA,2.37,77.9553787630183,1
YPM_YPM MAM 002128,Phataginus tricuspis,1961,Africa,Liberia,25,EN,Arboreal,0,0,1960,2.67,77.6702850858574,1
USNM_220403,Phataginus tricuspis,1918,Africa,Gabon,50,EN,Arboreal,0,0,1910,3.34,41.2103590738187,1
MNHN_MO-1993-214,Phataginus tricuspis,1962,Africa,Ivory Coast,50,EN,Arboreal,0,0,1960,4.5,64.623346055556,1
MSB_MSB:Mamm:25218,Phataginus tricuspis,1967,Africa,Equatorial Guinea,50,EN,Arboreal,0,0,1960,4.794,61.8048124672111,1
USNM_598578,Phataginus tricuspis,1967,Africa,Equatorial Guinea,50,EN,Arboreal,1,1,1960,4.794,61.8048124672111,1
MNHN_MO-1962-1172,Phataginus tricuspis,NA,Africa,Ivory Coast,50,EN,Arboreal,0,0,NA,7.91,34.4815894070251,1
MNHN_MO-1962-1171,Phataginus tricuspis,NA,Africa,Ivory Coast,50,EN,Arboreal,1,1,NA,7.91,34.4815894070251,1
O_18160,Phataginus tricuspis,NA,Africa,Liberia,25,EN,Arboreal,0,0,NA,11.37,16.7223046939305,1
USNM_377283,Phataginus tricuspis,1965,Africa,Nigeria,50,EN,Arboreal,0,0,1960,15.88,30.188224170247,1
GNM_Ma ex 791,Phataginus tricuspis,1911,Africa,Democratic Republic of the Congo,25,EN,Arboreal,0,0,1910,23.77,25.5096652259543,1
AMNH_M-269820,Phataginus tricuspis,1996,Africa,Uganda,100,EN,Arboreal,0,0,1990,22.7,24.043813242975,1
USNM_379617,Phataginus tricuspis,1966,Africa,Nigeria,100,EN,Arboreal,0,0,1960,23.16,24.8400275355073,1
MNHN_MO-1898-1598,Phataginus tricuspis,NA,Africa,Republic of the Congo,25,EN,Arboreal,0,0,NA,35.65,12.7634253340113,1
MNHN_MO-1986-1035,Phataginus tricuspis,NA,Africa,Republic of the Congo,25,EN,Arboreal,1,1,NA,35.65,12.7634253340113,1
USNM_377284,Phataginus tricuspis,1966,Africa,Nigeria,75,EN,Arboreal,0,0,1960,2.414,89.3597339137894,1
MHNG_MHNG-MAM-946.030,Phataginus tricuspis,NA,Africa,Cameroon,100,EN,Arboreal,0,0,NA,6,83.4426128046642,1
MHNG_MHNG-MAM-946.031,Phataginus tricuspis,NA,Africa,Cameroon,100,EN,Arboreal,1,1,NA,6,83.4426128046642,1
MHNG_MHNG-MAM-946.032,Phataginus tricuspis,1955,Africa,Cameroon,100,EN,Arboreal,1,0,1950,6,83.4426128046642,1
MHNG_MHNG-MAM-946.028,Phataginus tricuspis,NA,Africa,Cameroon,100,EN,Arboreal,1,1,NA,6,83.4426128046642,1
MHNG_MHNG-MAM-946.033,Phataginus tricuspis,NA,Africa,Cameroon,100,EN,Arboreal,1,1,NA,6,83.4426128046642,1
MHNG_MHNG-MAM-946.029,Phataginus tricuspis,NA,Africa,Cameroon,100,EN,Arboreal,1,1,NA,6,83.4426128046642,1
USNM_481813,Phataginus tricuspis,1971,Africa,Liberia,100,EN,Arboreal,0,0,1970,25,10.3371381012558,1
USNM_481811,Phataginus tricuspis,1971,Africa,Liberia,100,EN,Arboreal,1,1,1970,25,10.3371381012558,1
USNM_481810,Phataginus tricuspis,1971,Africa,Liberia,100,EN,Arboreal,1,1,1970,25,10.3371381012558,1
USNM_481812,Phataginus tricuspis,1971,Africa,Liberia,100,EN,Arboreal,1,1,1970,25,10.3371381012558,1
USNM_481809,Phataginus tricuspis,1971,Africa,Liberia,100,EN,Arboreal,1,1,1970,25,10.3371381012558,1
USNM_481808,Phataginus tricuspis,1971,Africa,Liberia,100,EN,Arboreal,1,1,1970,25,10.3371381012558,1
USNM_582985,Phataginus tricuspis,1971,Africa,Liberia,100,EN,Arboreal,1,1,1970,25,10.3371381012558,1
ROM_122972,Phataginus tricuspis,1967,Africa,Uganda,75,EN,Arboreal,0,0,1960,48.28,7.24456229653319,1
USNM_598580,Phataginus tricuspis,1968,Africa,Equatorial Guinea,50,EN,Arboreal,0,0,1960,4.495,55.7476989520852,1
USNM_598579,Phataginus tricuspis,1967,Africa,Equatorial Guinea,100,EN,Arboreal,0,0,1960,133.59,0,0
MNHN_MO-1956-727,Phataginus tricuspis,NA,Africa,Togo,100,EN,Arboreal,0,0,NA,291.11,0,0
MNHN_MO-1956-726,Phataginus tricuspis,NA,Africa,Togo,100,EN,Arboreal,1,1,NA,291.11,0,0
MNHN_MO-1956-725,Phataginus tricuspis,NA,Africa,Togo,100,EN,Arboreal,1,1,NA,291.11,0,0
MNHN_MO-1956-731,Phataginus tricuspis,NA,Africa,Togo,100,EN,Arboreal,1,1,NA,291.11,0,0
MNHN_MO-1956-728,Phataginus tricuspis,NA,Africa,Togo,100,EN,Arboreal,1,1,NA,291.11,0,0
MNHN_MO-1956-730,Phataginus tricuspis,NA,Africa,Togo,100,EN,Arboreal,1,1,NA,291.11,0,0
MNHN_MO-1956-729,Phataginus tricuspis,NA,Africa,Togo,100,EN,Arboreal,1,1,NA,291.11,0,0
MSU_MR.15232,Phataginus tricuspis,1968,Africa,Liberia,100,EN,Arboreal,1,0,1960,300.44,3.66612106198106,1
MNHN_MO-1986-1043,Phataginus tricuspis,NA,Africa,Ghana,100,EN,Arboreal,1,1,NA,380.2,6.10204335973978,1
MNHN_MO-1995-320,Phataginus tricuspis,1957,Africa,Ghana,100,EN,Arboreal,1,0,1950,380.2,6.10204335973978,1
MNHN_MO-1959-943,Phataginus tricuspis,NA,Africa,Ghana,100,EN,Arboreal,1,1,NA,380.2,6.10204335973978,1
AMNH_M-119964,Phataginus tricuspis,NA,Africa,Gabon,100,EN,Arboreal,0,0,NA,386.49,9.6021614597994,1
MNHN_AC-1939-173,Phataginus tricuspis,NA,Africa,Ivory Coast,100,EN,Arboreal,0,0,NA,439.02,0,0
MNHN_MO-1993-213,Phataginus tricuspis,1963,Africa,Ivory Coast,100,EN,Arboreal,1,0,1960,439.02,0,0
O_18159,Phataginus tricuspis,NA,Africa,Republic of the Congo,100,EN,Arboreal,1,1,NA,619.79,0,0
MNHN_MO-1995-298,Phataginus tricuspis,1968,Africa,Central African Republic,100,EN,Arboreal,1,0,1960,777.06,0,0
MNHN_MO-1995-297,Phataginus tricuspis,1965,Africa,Central African Republic,100,EN,Arboreal,1,0,1960,777.06,0,0
MNHN_MO-1967-980,Phataginus tricuspis,NA,Africa,Central African Republic,100,EN,Arboreal,1,1,NA,777.06,0,0
MNHN_MO-1967-981,Phataginus tricuspis,NA,Africa,Central African Republic,100,EN,Arboreal,1,1,NA,777.06,0,0
UMZC_E.1255,Phataginus tricuspis,1932,Africa,Cameroon,100,EN,Arboreal,0,0,1930,832.66,0,0
UMZC_E.1256,Phataginus tricuspis,1932,Africa,Cameroon,100,EN,Arboreal,1,1,1930,832.66,0,0
UMMZ_39509,Smutsia gigantea,NA,Africa,Cameroon,75,EN,Terrestrial,0,0,NA,0.00705,100,1
UMMZ_39140,Smutsia gigantea,NA,Africa,Cameroon,75,EN,Terrestrial,1,1,NA,0.00705,100,1
MHNG_MHNG-MAM-912.044,Smutsia gigantea,1954,Africa,Cameroon,75,EN,Terrestrial,0,0,1950,3.56,80.6606645539668,1
KU_147239,Smutsia gigantea,1951,Africa,Democratic Republic of the Congo,75,EN,Terrestrial,0,0,1950,91.5,0,0
ROM_34405,Smutsia gigantea,1965,Africa,Uganda,75,EN,Terrestrial,0,0,1960,276,0,0
USNM_101449,Smutsia gigantea,NA,Africa,Democratic Republic of the Congo,75,EN,Terrestrial,0,0,NA,290.87,0,0
AMNH_M-53858,Smutsia gigantea,1914,Africa,Democratic Republic of the Congo,75,EN,Terrestrial,0,0,1910,1646.07,0,0
AMNH_M-53857,Smutsia gigantea,1914,Africa,Democratic Republic of the Congo,75,EN,Terrestrial,1,1,1910,1646.07,0,0
RBINS_35059,Smutsia gigantea,1981,Africa,Democratic Republic of the Congo,75,EN,Terrestrial,0,0,1980,1646.07,0,0
AMNH_M-53846,Smutsia gigantea,1913,Africa,Democratic Republic of the Congo,75,EN,Terrestrial,0,0,1910,1646.07,0,0
MHNG_MHNG-MAM-619.045,Smutsia gigantea,NA,Africa,Liberia,100,EN,Terrestrial,0,0,NA,247.54,0,0
MHNG_MHNG-MAM-620.056,Smutsia gigantea,NA,Africa,Liberia,100,EN,Terrestrial,1,1,NA,247.54,0,0
USNM_269706,Smutsia gigantea,1940,Africa,Liberia,25,EN,Terrestrial,0,0,1940,0.125,100,1
USNM_220404,Smutsia gigantea,1918,Africa,Gabon,100,EN,Terrestrial,0,0,1910,25.51,13.7990620847787,1
GNM_Ma ex 877,Smutsia gigantea,1916,Africa,Democratic Republic of the Congo,50,EN,Terrestrial,0,0,1910,0.01,100,1
USNM_598577,Smutsia gigantea,1968,Africa,Equatorial Guinea,50,EN,Terrestrial,0,0,1960,4.495,49.6859356429965,1
USNM_598576,Smutsia gigantea,1967,Africa,Equatorial Guinea,100,EN,Terrestrial,0,0,1960,38.795,6.37777305755911,1
MNHN_AC-1869-760,Smutsia gigantea,1869,Africa,Togo,100,EN,Terrestrial,0,0,1860,291.11,0,0
MNHN_MO-1991-301,Smutsia gigantea,NA,Africa,Ghana,100,EN,Terrestrial,0,0,NA,380.2,3.60589956936848,1
MHNG_MHNG-MAM-601.074,Smutsia gigantea,NA,Africa,Sierra Leone,75,EN,Terrestrial,0,0,NA,8.76,23.1985606913305,1
MHNG_MHNG-MAM-601.080,Smutsia gigantea,NA,Africa,Sierra Leone,75,EN,Terrestrial,1,1,NA,8.76,23.1985606913305,1
RBINS_302,Smutsia temminckii,NA,Africa,South Africa,75,VU,Terrestrial,0,0,NA,120,0,0
RBINS_302B,Smutsia temminckii,NA,Africa,South Africa,75,VU,Terrestrial,1,1,NA,120,0,0
AWMM_LM212,Smutsia temminckii,NA,Africa,Namibia,100,VU,Terrestrial,0,0,NA,736.75,0,0
AMNH_M-90095,Smutsia temminckii,NA,Africa,Angola,100,VU,Terrestrial,1,1,NA,879.68,0,0
O_18154,Smutsia temminckii,NA,Africa,South Africa,50,VU,Terrestrial,1,1,NA,1184.88,0,0
O_18155,Smutsia gigantea,NA,Africa,West Africa,75,EN,Terrestrial,1,1,NA,1955.82,0,0
TM_17137,Smutsia temminckii,1970,Africa,Namibia,25,VU,Terrestrial,0,0,1970,1,100,1
MNHN_MO-1948-501,Smutsia temminckii,NA,Africa,Central African Republic,25,VU,Terrestrial,0,0,NA,1.8,43.8261995771378,1
USNM_256926,Smutsia temminckii,1928,Africa,Namibia,50,VU,Terrestrial,0,0,1920,2.81,59.9102964701329,1
USNM_368617,Smutsia temminckii,1964,Africa,Zimbabwe,75,VU,Terrestrial,0,0,1960,6.54,80.9339011022999,1
IICT_CZ000001554,Smutsia temminckii,1955,Africa,Mozambique,75,VU,Terrestrial,0,0,1950,8.44,65.2917009016835,1
HSU_3201,Smutsia temminckii,NA,Africa,South Africa,75,VU,Terrestrial,0,0,NA,50.68,9.60692710798265,1
MHNG_MHNG-MAM-1492.037,Smutsia temminckii,NA,Africa,Angola,75,VU,Terrestrial,0,0,NA,129.21,0,0
DMNS_DMNS:Mamm:6180,Smutsia temminckii,1969,Africa,Botswana,25,VU,Terrestrial,0,0,1960,193.121,0,0
UMZC_E.1275,Smutsia temminckii,1970,Africa,Zambia,75,VU,Terrestrial,0,0,1970,5.825,68.3266089911378,1
MNHN_AC-VI-253,Smutsia gigantea,1850,Africa,Togo,100,EN,Terrestrial,1,0,1850,291.11,0,0
MCZ_5957,Smutsia temminckii,1700,Africa,Namibia,100,VU,Terrestrial,1,0,1700,950.45,0,0
